geno,Sex,treat,zone,value,readout
N2,herm,HS,dist,3.0122699386503067,RAD-51
N2,herm,HS,2,4.759036144578313,RAD-51
N2,herm,HS,mid,2.871345029239766,RAD-51
N2,herm,HS,4,1.736842105263158,RAD-51
N2,herm,HS,prox,1.4790419161676647,RAD-51
N2,herm,noHS,dist,1.2708333333333333,RAD-51
N2,herm,noHS,2,4.22972972972973,RAD-51
N2,herm,noHS,mid,3.809090909090909,RAD-51
N2,herm,noHS,4,2.9523809523809526,RAD-51
N2,herm,noHS,prox,1.7403846153846154,RAD-51
N2,male,HS,dist,16.219745222929937,RAD-51
N2,male,HS,2,17.570247933884296,RAD-51
N2,male,HS,mid,14.71264367816092,RAD-51
N2,male,HS,4,15.93170731707317,RAD-51
N2,male,HS,prox,16.870967741935484,RAD-51
N2,male,noHS,dist,6.318181818181818,RAD-51
N2,male,noHS,2,5.2243589743589745,RAD-51
N2,male,noHS,mid,3.41025641025641,RAD-51
N2,male,noHS,4,1.7843137254901962,RAD-51
N2,male,noHS,prox,0.5966386554621849,RAD-51
msh5,herm,HS,dist,10.5234375,RAD-51
msh5,herm,HS,2,14.437689969604863,RAD-51
msh5,herm,HS,mid,15.88109756097561,RAD-51
msh5,herm,HS,4,16.246031746031747,RAD-51
msh5,herm,HS,prox,16.38738738738739,RAD-51
msh5,herm,noHS,dist,4.311512415349887,RAD-51
msh5,herm,noHS,2,7.686893203883495,RAD-51
msh5,herm,noHS,mid,10.015748031496063,RAD-51
msh5,herm,noHS,4,7.647619047619048,RAD-51
msh5,herm,noHS,prox,2.613899613899614,RAD-51
msh5,male,HS,dist,14.938053097345133,RAD-51
msh5,male,HS,2,17.705,RAD-51
msh5,male,HS,mid,18.642857142857142,RAD-51
msh5,male,HS,4,18.82456140350877,RAD-51
msh5,male,HS,prox,18.61,RAD-51
msh5,male,noHS,dist,8.725806451612904,RAD-51
msh5,male,noHS,2,6.354285714285714,RAD-51
msh5,male,noHS,mid,4.006756756756757,RAD-51
msh5,male,noHS,4,1.8246753246753247,RAD-51
msh5,male,noHS,prox,1.2,RAD-51
syp2,herm,HS,dist,4.711538461538462,RAD-51
syp2,herm,HS,2,4.859154929577465,RAD-51
syp2,herm,HS,mid,2.1272727272727274,RAD-51
syp2,herm,HS,4,1.2,RAD-51
syp2,herm,HS,prox,1.9555555555555555,RAD-51
syp2,herm,noHS,dist,2.525925925925926,RAD-51
syp2,herm,noHS,2,4.714285714285714,RAD-51
syp2,herm,noHS,mid,3.5822784810126582,RAD-51
syp2,herm,noHS,4,2.3978494623655915,RAD-51
syp2,herm,noHS,prox,1.4,RAD-51
syp2,male,HS,dist,15.335443037974683,RAD-51
syp2,male,HS,2,19.855670103092784,RAD-51
syp2,male,HS,mid,12.696629213483146,RAD-51
syp2,male,HS,4,16.147540983606557,RAD-51
syp2,male,HS,prox,20.944444444444443,RAD-51
syp2,male,noHS,dist,6.604519774011299,RAD-51
syp2,male,noHS,2,5.033333333333333,RAD-51
syp2,male,noHS,mid,4.0625,RAD-51
syp2,male,noHS,4,2.7837837837837838,RAD-51
syp2,male,noHS,prox,1.7049180327868851,RAD-51
syp2_syp3,herm,HS,dist,7.145522388059701,RAD-51
syp2_syp3,herm,HS,2,5.768518518518518,RAD-51
syp2_syp3,herm,HS,mid,4.013513513513513,RAD-51
syp2_syp3,herm,HS,4,7.097345132743363,RAD-51
syp2_syp3,herm,HS,prox,8.966386554621849,RAD-51
syp2_syp3,herm,noHS,dist,3.226993865030675,RAD-51
syp2_syp3,herm,noHS,2,2.5447154471544717,RAD-51
syp2_syp3,herm,noHS,mid,2.173228346456693,RAD-51
syp2_syp3,herm,noHS,4,1.5948275862068966,RAD-51
syp2_syp3,herm,noHS,prox,0.9230769230769231,RAD-51
syp2_syp3,male,HS,dist,19.49019607843137,RAD-51
syp2_syp3,male,HS,2,20.765432098765434,RAD-51
syp2_syp3,male,HS,mid,20.06578947368421,RAD-51
syp2_syp3,male,HS,4,22.102941176470587,RAD-51
syp2_syp3,male,HS,prox,17.908045977011493,RAD-51
syp2_syp3,male,noHS,dist,8.144329896907216,RAD-51
syp2_syp3,male,noHS,2,5.853658536585366,RAD-51
syp2_syp3,male,noHS,mid,4.5964912280701755,RAD-51
syp2_syp3,male,noHS,4,4.203389830508475,RAD-51
syp2_syp3,male,noHS,prox,2.2051282051282053,RAD-51
syp3,herm,HS,dist,5.222222222222222,RAD-51
syp3,herm,HS,2,6.87962962962963,RAD-51
syp3,herm,HS,mid,3.463157894736842,RAD-51
syp3,herm,HS,4,1.969387755102041,RAD-51
syp3,herm,HS,prox,1.3928571428571428,RAD-51
syp3,herm,noHS,dist,2.484848484848485,RAD-51
syp3,herm,noHS,2,3.8152173913043477,RAD-51
syp3,herm,noHS,mid,2.6103896103896105,RAD-51
syp3,herm,noHS,4,1.6835443037974684,RAD-51
syp3,herm,noHS,prox,1.1917808219178083,RAD-51
syp3,male,HS,dist,13.417177914110429,RAD-51
syp3,male,HS,2,17.0,RAD-51
syp3,male,HS,mid,18.75862068965517,RAD-51
syp3,male,HS,4,18.285714285714285,RAD-51
syp3,male,HS,prox,19.682692307692307,RAD-51
syp3,male,noHS,dist,4.894117647058824,RAD-51
syp3,male,noHS,2,5.675324675324675,RAD-51
syp3,male,noHS,mid,4.1454545454545455,RAD-51
syp3,male,noHS,4,2.382978723404255,RAD-51
syp3,male,noHS,prox,1.0434782608695652,RAD-51
syp5,herm,HS,dist,5.961038961038961,RAD-51
syp5,herm,HS,2,5.528301886792453,RAD-51
syp5,herm,HS,mid,2.9423076923076925,RAD-51
syp5,herm,HS,4,3.6052631578947367,RAD-51
syp5,herm,HS,prox,0.5833333333333334,RAD-51
syp5,herm,noHS,dist,1.2884615384615385,RAD-51
syp5,herm,noHS,2,2.672727272727273,RAD-51
syp5,herm,noHS,mid,2.7115384615384617,RAD-51
syp5,herm,noHS,4,2.9298245614035086,RAD-51
syp5,herm,noHS,prox,1.36,RAD-51
syp5,male,HS,dist,12.225806451612904,RAD-51
syp5,male,HS,2,14.166666666666666,RAD-51
syp5,male,HS,mid,11.710526315789474,RAD-51
syp5,male,HS,4,9.727272727272727,RAD-51
syp5,male,HS,prox,13.088888888888889,RAD-51
syp5,male,noHS,dist,8.228571428571428,RAD-51
syp5,male,noHS,2,7.724137931034483,RAD-51
syp5,male,noHS,mid,5.958333333333333,RAD-51
syp5,male,noHS,4,4.815384615384615,RAD-51
syp5,male,noHS,prox,2.0172413793103448,RAD-51
ccw77,herm,HS,dist,0.08139534883720931,p-granules
ccw77,herm,HS,2,0.13095238095238096,p-granules
ccw77,herm,HS,mid,1.8522727272727273,p-granules
ccw77,herm,HS,4,1.2439024390243902,p-granules
ccw77,herm,HS,prox,0.049586776859504134,p-granules
ccw77,herm,noHS,dist,0.16393442622950818,p-granules
ccw77,herm,noHS,2,0.24390243902439024,p-granules
ccw77,herm,noHS,mid,0.6674876847290641,p-granules
ccw77,herm,noHS,4,0.7905759162303665,p-granules
ccw77,herm,noHS,prox,0.18584070796460178,p-granules
ccw77,male,HS,dist,0.09060955518945635,p-granules
ccw77,male,HS,2,0.9,p-granules
ccw77,male,HS,mid,0.7222222222222222,p-granules
ccw77,male,HS,4,0.8628428927680798,p-granules
ccw77,male,HS,prox,0.5581395348837209,p-granules
ccw77,male,noHS,dist,0.17374005305039789,p-granules
ccw77,male,noHS,2,0.5966029723991507,p-granules
ccw77,male,noHS,mid,1.2580645161290323,p-granules
ccw77,male,noHS,4,0.7715654952076677,p-granules
ccw77,male,noHS,prox,0.8180039138943248,p-granules
