gonad,coloc,ours
20251105_n2_hs_HERM _,4.0,2
20251105_n2_hs_HERM _,12.0,5
20251105_n2_hs_HERM _,9.0,6
20251105_n2_hs_HERM _,12.0,21
20251105_n2_hs_HERM _,4.0,2
20251105_n2_hs_HERM _,10.0,9
20251105_n2_hs_HERM _,4.0,4
20251105_n2_hs_HERM _,4.0,0
20251105_n2_hs_HERM _,10.0,7
20251105_n2_hs_HERM _,7.0,1
20251105_n2_hs_HERM _,17.0,17
20251105_n2_hs_HERM _,9.0,5
20251105_n2_hs_HERM _,13.0,10
20251105_n2_hs_HERM _,8.0,10
20251105_n2_hs_HERM _,11.0,12
20251105_n2_hs_HERM _,4.0,2
20251105_n2_hs_HERM _,3.0,2
20251105_n2_hs_HERM _,10.0,8
20251105_n2_hs_HERM _,7.0,9
20251105_n2_hs_HERM _,9.0,8
20251105_n2_hs_HERM _,3.0,0
20251105_n2_hs_HERM _,1.0,0
20251105_n2_hs_HERM _,11.0,14
20251105_n2_hs_HERM _,2.0,0
20251105_n2_hs_HERM _,6.0,7
20251105_n2_hs_HERM _,7.0,5
20251105_n2_hs_HERM _,12.0,19
20251105_n2_hs_HERM _,7.0,1
20251105_n2_hs_HERM _,9.0,9
20251105_n2_hs_HERM _,13.0,10
20251105_n2_hs_HERM _,9.0,0
20251105_n2_hs_HERM _,2.0,0
20251105_n2_hs_HERM _,11.0,9
20251105_n2_hs_HERM _,4.0,0
20251105_n2_hs_HERM _,11.0,9
20251105_n2_hs_HERM _,8.0,0
20251105_n2_hs_HERM _,2.0,0
20251105_n2_hs_HERM _,5.0,0
20251105_n2_hs_HERM _,12.0,9
20251105_n2_hs_HERM _,27.0,24
20251105_n2_hs_HERM _,8.0,4
20251105_n2_hs_HERM _,4.0,0
20251105_n2_hs_HERM _,6.0,1
20251105_n2_hs_HERM _,2.0,0
20251105_n2_hs_HERM _,9.0,3
20251105_n2_hs_HERM _,2.0,0
20251105_n2_hs_HERM _,9.0,0
20251105_n2_hs_HERM _,5.0,3
20251105_n2_hs_HERM _,10.0,0
20251105_n2_hs_HERM _,9.0,1
20251105_n2_hs_HERM _,7.0,0
20251105_n2_hs_HERM _,3.0,0
20251105_n2_hs_HERM _,5.0,3
20251105_n2_hs_HERM _,2.0,0
20251105_n2_hs_HERM _,9.0,9
20251105_n2_hs_HERM _,9.0,3
20251105_n2_hs_HERM _,7.0,2
20251105_n2_hs_HERM _,12.0,2
20251105_n2_hs_HERM _,11.0,8
20251105_n2_hs_HERM _,7.0,2
20251105_n2_hs_HERM _,13.0,0
20251105_n2_hs_HERM _,8.0,1
20251105_n2_hs_HERM _,10.0,11
20251105_n2_hs_HERM _,3.0,4
20251105_n2_hs_HERM _,4.0,1
20251105_n2_hs_HERM _,5.0,1
20251105_n2_hs_HERM _,11.0,3
20251105_n2_hs_HERM _,11.0,8
20251105_n2_hs_HERM _,11.0,11
20251105_n2_hs_HERM _,7.0,15
20251105_n2_hs_HERM _,10.0,2
20251105_n2_hs_HERM _,6.0,6
20251105_n2_hs_HERM _,10.0,9
20251105_n2_hs_HERM _,4.0,4
20251105_n2_hs_HERM _,9.0,1
20251105_n2_hs_HERM _,4.0,4
20251105_n2_hs_HERM _,7.0,11
20251105_n2_hs_HERM _,17.0,21
20251105_n2_hs_HERM _,6.0,2
20251105_n2_hs_HERM _,7.0,2
20251105_n2_hs_HERM _,9.0,4
20251105_n2_hs_HERM _,8.0,3
20251105_n2_hs_HERM _,5.0,1
20251105_n2_hs_HERM _,7.0,5
20251105_n2_hs_HERM _,7.0,7
20251105_n2_hs_HERM _,9.0,4
20251105_n2_hs_HERM _,11.0,7
20251105_n2_hs_HERM _,7.0,2
20251105_n2_hs_HERM _001,13.0,19
20251105_n2_hs_HERM _001,7.0,8
20251105_n2_hs_HERM _001,7.0,12
20251105_n2_hs_HERM _001,8.0,12
20251105_n2_hs_HERM _001,9.0,13
20251105_n2_hs_HERM _001,3.0,2
20251105_n2_hs_HERM _001,8.0,13
20251105_n2_hs_HERM _001,5.0,10
20251105_n2_hs_HERM _001,8.0,7
20251105_n2_hs_HERM _001,8.0,19
20251105_n2_hs_HERM _001,7.0,9
20251105_n2_hs_HERM _001,3.0,5
20251105_n2_hs_HERM _001,6.0,10
20251105_n2_hs_HERM _001,8.0,15
20251105_n2_hs_HERM _001,5.0,6
20251105_n2_hs_HERM _001,7.0,10
20251105_n2_hs_HERM _001,2.0,5
20251105_n2_hs_HERM _001,6.0,10
20251105_n2_hs_HERM _001,6.0,15
20251105_n2_hs_HERM _001,10.0,17
20251105_n2_hs_HERM _001,5.0,7
20251105_n2_hs_HERM _001,7.0,13
20251105_n2_hs_HERM _001,3.0,3
20251105_n2_hs_HERM _001,1.0,1
20251105_n2_hs_HERM _001,5.0,2
20251105_n2_hs_HERM _001,6.0,8
20251105_n2_hs_HERM _001,5.0,10
20251105_n2_hs_HERM _001,6.0,10
20251105_n2_hs_HERM _001,5.0,8
20251105_n2_hs_HERM _001,2.0,4
20251105_n2_hs_HERM _001,1.0,2
20251105_n2_hs_HERM _001,10.0,17
20251105_n2_hs_HERM _001,0.0,0
20251105_n2_hs_HERM _001,2.0,4
20251105_n2_hs_HERM _001,2.0,3
20251105_n2_hs_HERM _001,4.0,5
20251105_n2_hs_HERM _001,3.0,3
20251105_n2_hs_HERM _001,3.0,4
20251105_n2_hs_HERM _001,0.0,3
20251105_n2_hs_HERM _001,11.0,15
20251105_n2_hs_HERM _001,1.0,0
20251105_n2_hs_HERM _001,2.0,2
20251105_n2_hs_HERM _001,5.0,5
20251105_n2_hs_HERM _001,10.0,12
20251105_n2_hs_HERM _001,3.0,4
20251105_n2_hs_HERM _001,3.0,4
20251105_n2_hs_HERM _001,3.0,2
20251105_n2_hs_HERM _001,1.0,1
20251105_n2_hs_HERM _001,7.0,14
20251105_n2_hs_HERM _001,4.0,5
20251105_n2_hs_HERM _001,3.0,1
20251105_n2_hs_HERM _001,0.0,0
20251105_n2_hs_HERM _001,3.0,1
20251105_n2_hs_HERM _001,2.0,3
20251105_n2_hs_HERM _001,2.0,1
20251105_n2_hs_HERM _001,2.0,2
20251105_n2_hs_HERM _001,0.0,0
20251105_n2_hs_HERM _001,6.0,14
20251105_n2_hs_HERM _001,2.0,3
20251105_n2_hs_HERM _001,3.0,6
20251105_n2_hs_HERM _001,3.0,1
20251105_n2_hs_HERM _001,7.0,9
20251105_n2_hs_HERM _001,4.0,6
20251105_n2_hs_HERM _001,4.0,13
20251105_n2_hs_HERM _001,1.0,0
20251105_n2_hs_HERM _001,7.0,13
20251105_n2_hs_HERM _001,7.0,8
20251105_n2_hs_HERM _001,4.0,3
20251105_n2_hs_HERM _001,5.0,9
20251105_n2_hs_HERM _001,5.0,6
20251105_n2_hs_HERM _001,3.0,3
20251105_n2_hs_HERM _001,2.0,2
20251105_n2_hs_HERM _001,1.0,2
20251105_n2_hs_HERM _001,2.0,0
20251105_n2_hs_HERM _001,2.0,3
20251105_n2_hs_HERM _001,1.0,1
20251105_n2_hs_HERM _001,7.0,14
20251105_n2_hs_HERM _001,4.0,4
20251105_n2_hs_HERM _001,0.0,0
20251105_n2_hs_HERM _001,1.0,1
20251105_n2_hs_HERM _001,1.0,0
20251105_n2_hs_HERM _001,3.0,1
20251105_n2_hs_HERM _001,2.0,2
20251105_n2_hs_HERM _001,4.0,5
20251105_n2_hs_HERM _001,3.0,3
20251105_n2_hs_HERM _001,5.0,1
20251105_n2_hs_HERM _001,1.0,1
20251105_n2_hs_HERM _001,4.0,0
20251105_n2_hs_HERM _001,1.0,0
20251105_n2_hs_HERM _001,1.0,4
20251105_n2_hs_HERM _001,3.0,0
20251105_n2_hs_HERM _001,1.0,1
20251105_n2_hs_HERM _001,4.0,5
20251105_n2_hs_HERM _001,2.0,6
20251105_n2_hs_HERM _001,4.0,5
20251105_n2_hs_HERM _002,11.0,14
20251105_n2_hs_HERM _002,11.0,11
20251105_n2_hs_HERM _002,7.0,9
20251105_n2_hs_HERM _002,5.0,7
20251105_n2_hs_HERM _002,6.0,13
20251105_n2_hs_HERM _002,10.0,13
20251105_n2_hs_HERM _002,7.0,14
20251105_n2_hs_HERM _002,15.0,11
20251105_n2_hs_HERM _002,6.0,8
20251105_n2_hs_HERM _002,9.0,5
20251105_n2_hs_HERM _002,7.0,11
20251105_n2_hs_HERM _002,7.0,10
20251105_n2_hs_HERM _002,4.0,5
20251105_n2_hs_HERM _002,10.0,13
20251105_n2_hs_HERM _002,2.0,4
20251105_n2_hs_HERM _002,5.0,12
20251105_n2_hs_HERM _002,9.0,10
20251105_n2_hs_HERM _002,7.0,8
20251105_n2_hs_HERM _002,4.0,9
20251105_n2_hs_HERM _002,3.0,5
20251105_n2_hs_HERM _002,7.0,3
20251105_n2_hs_HERM _002,7.0,18
20251105_n2_hs_HERM _002,8.0,13
20251105_n2_hs_HERM _002,8.0,20
20251105_n2_hs_HERM _002,10.0,15
20251105_n2_hs_HERM _002,8.0,12
20251105_n2_hs_HERM _002,8.0,14
20251105_n2_hs_HERM _002,5.0,7
20251105_n2_hs_HERM _002,8.0,15
20251105_n2_hs_HERM _002,3.0,5
20251105_n2_hs_HERM _002,11.0,8
20251105_n2_hs_HERM _002,6.0,12
20251105_n2_hs_HERM _002,8.0,5
20251105_n2_hs_HERM _002,10.0,12
20251105_n2_hs_HERM _002,14.0,20
20251105_n2_hs_HERM _002,5.0,5
20251105_n2_hs_HERM _002,8.0,6
20251105_n2_hs_HERM _002,7.0,13
20251105_n2_hs_HERM _002,5.0,8
20251105_n2_hs_HERM _002,5.0,6
20251105_n2_hs_HERM _002,6.0,3
20251105_n2_hs_HERM _002,6.0,4
20251105_n2_hs_HERM _002,4.0,0
20251105_n2_hs_HERM _002,4.0,3
20251105_n2_hs_HERM _002,2.0,4
20251105_n2_hs_HERM _002,8.0,2
20251105_n2_hs_HERM _002,1.0,0
20251105_n2_hs_HERM _002,3.0,3
20251105_n2_hs_HERM _002,3.0,5
20251105_n2_hs_HERM _002,4.0,5
20251105_n2_hs_HERM _002,3.0,1
20251105_n2_hs_HERM _002,6.0,8
20251105_n2_hs_HERM _002,3.0,0
20251105_n2_hs_HERM _002,5.0,2
20251105_n2_hs_HERM _002,5.0,4
20251105_n2_hs_HERM _002,5.0,5
20251105_n2_hs_HERM _002,7.0,6
20251105_n2_hs_HERM _002,6.0,0
20251105_n2_hs_HERM _002,6.0,4
20251105_n2_hs_HERM _002,3.0,0
20251105_n2_hs_HERM _002,2.0,3
20251105_n2_hs_HERM _002,5.0,2
20251105_n2_hs_HERM _002,11.0,9
20251105_n2_hs_HERM _002,1.0,0
20251105_n2_hs_HERM _002,5.0,5
20251105_n2_hs_HERM _002,2.0,1
20251105_n2_hs_HERM _002,8.0,8
20251105_n2_hs_HERM _002,2.0,0
20251105_n2_hs_HERM _002,11.0,10
20251105_n2_hs_HERM _002,5.0,1
20251105_n2_hs_HERM _002,7.0,1
20251105_n2_hs_HERM _002,2.0,0
20251105_n2_hs_HERM _002,4.0,0
20251105_n2_hs_HERM _002,0.0,0
20251105_n2_hs_HERM _002,1.0,1
20251105_n2_hs_HERM _002,2.0,3
20251105_n2_hs_HERM _002,5.0,3
20251105_n2_hs_HERM _002,11.0,12
20251105_n2_hs_HERM _002,0.0,0
20251105_n2_hs_HERM _002,2.0,0
20251105_n2_hs_HERM _002,8.0,9
20251105_n2_hs_HERM _002,5.0,2
20251105_n2_hs_HERM _002,10.0,7
20251105_n2_hs_HERM _002,6.0,1
20251105_n2_hs_MALE _,25.0,17
20251105_n2_hs_MALE _,2.0,0
20251105_n2_hs_MALE _,24.0,26
20251105_n2_hs_MALE _,21.0,27
20251105_n2_hs_MALE _,2.0,0
20251105_n2_hs_MALE _,21.0,19
20251105_n2_hs_MALE _,24.0,21
20251105_n2_hs_MALE _,6.0,1
20251105_n2_hs_MALE _,21.0,15
20251105_n2_hs_MALE _,22.0,23
20251105_n2_hs_MALE _,4.0,3
20251105_n2_hs_MALE _,30.0,15
20251105_n2_hs_MALE _,1.0,0
20251105_n2_hs_MALE _,22.0,12
20251105_n2_hs_MALE _,3.0,0
20251105_n2_hs_MALE _,4.0,0
20251105_n2_hs_MALE _,3.0,1
20251105_n2_hs_MALE _,22.0,30
20251105_n2_hs_MALE _,20.0,23
20251105_n2_hs_MALE _,24.0,23
20251105_n2_hs_MALE _,27.0,24
20251105_n2_hs_MALE _,21.0,24
20251105_n2_hs_MALE _,23.0,26
20251105_n2_hs_MALE _,5.0,4
20251105_n2_hs_MALE _,22.0,19
20251105_n2_hs_MALE _,24.0,32
20251105_n2_hs_MALE _,22.0,23
20251105_n2_hs_MALE _,25.0,19
20251105_n2_hs_MALE _,21.0,28
20251105_n2_hs_MALE _,16.0,31
20251105_n2_hs_MALE _,11.0,17
20251105_n2_hs_MALE _,17.0,23
20251105_n2_hs_MALE _,13.0,27
20251105_n2_hs_MALE _,18.0,27
20251105_n2_hs_MALE _,23.0,20
20251105_n2_hs_MALE _,26.0,29
20251105_n2_hs_MALE _,20.0,27
20251105_n2_hs_MALE _,19.0,20
20251105_n2_hs_MALE _,15.0,19
20251105_n2_hs_MALE _,19.0,23
20251105_n2_hs_MALE _,19.0,17
20251105_n2_hs_MALE _,16.0,22
20251105_n2_hs_MALE _,17.0,21
20251105_n2_hs_MALE _,18.0,21
20251105_n2_hs_MALE _,15.0,16
20251105_n2_hs_MALE _,21.0,36
20251105_n2_hs_MALE _,11.0,27
20251105_n2_hs_MALE _,18.0,25
20251105_n2_hs_MALE _,21.0,20
20251105_n2_hs_MALE _,0.0,20
20251105_n2_hs_MALE _,14.0,18
20251105_n2_hs_MALE _,13.0,15
20251105_n2_hs_MALE _,15.0,22
20251105_n2_hs_MALE _,18.0,18
20251105_n2_hs_MALE _,20.0,25
20251105_n2_hs_MALE _,23.0,25
20251105_n2_hs_MALE _,18.0,26
20251105_n2_hs_MALE _,20.0,16
20251105_n2_hs_MALE _,23.0,29
20251105_n2_hs_MALE _,23.0,24
20251105_n2_hs_MALE _,7.0,1
20251105_n2_hs_MALE _,4.0,0
20251105_n2_hs_MALE _,0.0,24
20251105_n2_hs_MALE _,18.0,14
20251105_n2_hs_MALE _001,18.0,25
20251105_n2_hs_MALE _001,15.0,17
20251105_n2_hs_MALE _001,18.0,29
20251105_n2_hs_MALE _001,17.0,20
20251105_n2_hs_MALE _001,16.0,25
20251105_n2_hs_MALE _001,23.0,16
20251105_n2_hs_MALE _001,19.0,22
20251105_n2_hs_MALE _001,19.0,17
20251105_n2_hs_MALE _001,30.0,34
20251105_n2_hs_MALE _001,19.0,25
20251105_n2_hs_MALE _001,18.0,26
20251105_n2_hs_MALE _001,22.0,18
20251105_n2_hs_MALE _001,22.0,19
20251105_n2_hs_MALE _001,16.0,28
20251105_n2_hs_MALE _001,22.0,25
20251105_n2_hs_MALE _001,17.0,30
20251105_n2_hs_MALE _001,22.0,20
20251105_n2_hs_MALE _001,0.0,22
20251105_n2_hs_MALE _001,17.0,26
20251105_n2_hs_MALE _001,24.0,20
20251105_n2_hs_MALE _001,24.0,37
20251105_n2_hs_MALE _001,22.0,16
20251105_n2_hs_MALE _001,24.0,16
20251105_n2_hs_MALE _001,19.0,20
20251105_n2_hs_MALE _001,0.0,20
20251105_n2_hs_MALE _001,0.0,30
20251105_n2_hs_MALE _001,23.0,16
20251105_n2_hs_MALE _001,22.0,12
20251105_n2_hs_MALE _001,22.0,15
20251105_n2_hs_MALE _001,0.0,18
20251105_n2_hs_MALE _001,24.0,18
20251105_n2_hs_MALE _001,30.0,22
20251105_n2_hs_MALE _001,22.0,14
20251105_n2_hs_MALE _001,0.0,0
20251105_n2_hs_MALE _001,20.0,18
20251105_n2_hs_MALE _001,20.0,13
20251105_n2_hs_MALE _001,31.0,20
20251105_n2_hs_MALE _001,22.0,20
20251105_n2_hs_MALE _001,21.0,19
20251105_n2_hs_MALE _001,27.0,21
20251105_n2_hs_MALE _001,21.0,16
20251105_n2_hs_MALE _001,17.0,0
20251105_n2_hs_MALE _001,11.0,0
20251105_n2_hs_MALE _001,22.0,21
20251105_n2_hs_MALE _001,24.0,20
20251105_n2_hs_MALE _001,1.0,4
20251105_n2_hs_MALE _001,0.0,29
20251105_n2_hs_MALE _001,24.0,39
20251105_n2_hs_MALE _001,24.0,27
20251105_n2_hs_MALE _001,36.0,33
20251105_n2_hs_MALE _001,29.0,27
20251105_n2_hs_MALE _001,34.0,31
20251105_n2_hs_MALE _001,12.0,0
20251105_n2_hs_MALE _001,26.0,35
20251105_n2_hs_MALE _001,15.0,19
20251105_n2_hs_MALE _001,12.0,0
20251105_n2_hs_MALE _001,10.0,8
20251105_n2_hs_MALE _001,32.0,33
20251105_n2_hs_MALE _001,25.0,39
20251105_n2_hs_MALE _001,0.0,34
20251105_n2_hs_MALE _001,0.0,18
20251105_n2_hs_MALE _001,9.0,25
20251105_n2_hs_MALE _001,15.0,24
20251105_n2_hs_MALE _001,20.0,30
20251105_n2_hs_MALE _001,22.0,25
20251105_n2_hs_MALE _001,27.0,23
20251105_n2_hs_MALE _001,16.0,10
20251105_n2_hs_MALE _001,0.0,18
20251105_n2_hs_MALE _002,20.0,27
20251105_n2_hs_MALE _002,19.0,20
20251105_n2_hs_MALE _002,19.0,21
20251105_n2_hs_MALE _002,23.0,28
20251105_n2_hs_MALE _002,24.0,24
20251105_n2_hs_MALE _002,17.0,22
20251105_n2_hs_MALE _002,17.0,17
20251105_n2_hs_MALE _002,23.0,24
20251105_n2_hs_MALE _002,25.0,26
20251105_n2_hs_MALE _002,21.0,28
20251105_n2_hs_MALE _002,24.0,29
20251105_n2_hs_MALE _002,19.0,27
20251105_n2_hs_MALE _002,19.0,21
20251105_n2_hs_MALE _002,19.0,15
20251105_n2_hs_MALE _002,21.0,30
20251105_n2_hs_MALE _002,23.0,17
20251105_n2_hs_MALE _002,20.0,34
20251105_n2_hs_MALE _002,1.0,18
20251105_n2_hs_MALE _002,24.0,27
20251105_n2_hs_MALE _002,22.0,32
20251105_n2_hs_MALE _002,25.0,24
20251105_n2_hs_MALE _002,15.0,8
20251105_n2_hs_MALE _002,23.0,26
20251105_n2_hs_MALE _002,21.0,13
20251105_n2_hs_MALE _002,22.0,20
20251105_n2_hs_MALE _002,24.0,19
20251105_n2_hs_MALE _002,22.0,15
20251105_n2_hs_MALE _002,19.0,29
20251105_n2_hs_MALE _002,21.0,19
20251105_n2_hs_MALE _002,23.0,16
20251105_n2_hs_MALE _002,18.0,13
20251105_n2_hs_MALE _002,28.0,9
20251105_n2_hs_MALE _002,24.0,20
20251105_n2_hs_MALE _002,0.0,16
20251105_n2_hs_MALE _002,26.0,32
20251105_n2_hs_MALE _002,18.0,13
20251105_n2_hs_MALE _002,22.0,24
20251105_n2_hs_MALE _002,17.0,10
20251105_n2_hs_MALE _002,0.0,27
20251105_n2_hs_MALE _002,29.0,25
20251105_n2_hs_MALE _002,21.0,17
20251105_n2_hs_MALE _002,29.0,26
20251105_n2_hs_MALE _002,28.0,15
20251105_n2_hs_MALE _002,0.0,21
20251105_n2_hs_MALE _002,24.0,19
20251105_n2_hs_MALE _002,23.0,19
20251105_n2_hs_MALE _002,24.0,21
20251105_n2_hs_MALE _002,0.0,15
20251105_n2_hs_MALE _002,28.0,29
20251105_n2_hs_MALE _002,23.0,20
20251105_n2_hs_MALE _002,27.0,17
20251105_n2_hs_MALE _002,29.0,30
20251105_n2_hs_MALE _002,22.0,19
20251105_n2_hs_MALE _002,22.0,16
20251105_n2_hs_MALE _002,22.0,21
20251105_n2_hs_MALE _002,21.0,2
20251105_n2_hs_MALE _002,19.0,23
20251105_n2_hs_MALE _002,18.0,17
20251105_n2_hs_MALE _002,25.0,0
20251105_n2_hs_MALE _002,26.0,29
20251105_n2_hs_MALE _002,26.0,20
20251105_n2_hs_MALE _002,19.0,20
20251105_n2_hs_MALE _002,20.0,17
20251105_n2_hs_MALE _002,21.0,21
20251105_n2_hs_MALE _002,24.0,22
20251105_n2_hs_MALE _002,20.0,6
20251105_n2_hs_MALE _002,22.0,17
20251105_n2_hs_MALE _002,23.0,22
20251105_n2_hs_MALE _002,24.0,23
20251105_n2_hs_MALE _002,25.0,19
20251105_n2_hs_MALE _002,26.0,14
20251105_n2_hs_MALE _002,21.0,22
20251105_n2_hs_MALE _002,28.0,25
20251105_n2_hs_MALE _002,23.0,23
20251105_n2_hs_MALE _002,26.0,17
20251105_n2_hs_MALE _002,24.0,19
20251105_n2_hs_MALE _002,20.0,18
20251105_n2_hs_MALE _002,0.0,17
20251105_n2_hs_MALE _002,23.0,29
20251105_n2_hs_MALE _002,18.0,21
20251105_n2_hs_MALE _002,24.0,26
20251105_n2_hs_MALE _002,24.0,16
