kind,id,vol_um3,z_um,y_um,x_um,cov_germ_label,cov_any_label,cov_lamin_mask,ring_shell,ring_inside,ring_ratio,shell_over_thr
lamin_candidate,2,5.5,2.4,110.0,29.0,1.0,1.0,1.0,,,,
lamin_candidate,3,7.4,2.3,153.7,110.6,1.0,1.0,1.0,,,,
lamin_candidate,4,10.1,2.0,144.9,98.0,0.94,0.94,1.0,,,,
lamin_candidate,7,5.2,2.7,112.0,26.1,1.0,1.0,1.0,,,,
lamin_candidate,14,9.0,2.7,144.5,24.8,1.0,1.0,1.0,,,,
lamin_candidate,15,7.9,2.3,144.2,56.4,1.0,1.0,1.0,,,,
lamin_candidate,16,6.4,2.3,149.2,61.4,1.0,1.0,1.0,,,,
lamin_candidate,17,6.9,2.3,153.3,66.5,1.0,1.0,1.0,,,,
lamin_candidate,19,10.8,2.9,114.4,30.7,0.652,0.652,0.652,,,,
lamin_candidate,22,5.3,2.5,116.5,33.3,1.0,1.0,1.0,,,,
lamin_candidate,24,5.2,2.5,117.9,43.6,0.949,0.949,0.978,,,,
lamin_candidate,29,20.0,2.4,132.9,137.2,1.0,1.0,1.0,,,,
lamin_candidate,30,6.2,2.4,142.0,44.0,1.0,1.0,1.0,,,,
lamin_candidate,31,5.9,2.2,142.6,50.2,1.0,1.0,1.0,,,,
lamin_candidate,32,7.7,2.5,143.1,37.8,1.0,1.0,1.0,,,,
lamin_candidate,33,7.0,2.5,143.8,30.7,1.0,1.0,1.0,,,,
lamin_candidate,34,6.6,2.8,148.0,71.0,1.0,1.0,1.0,,,,
lamin_candidate,36,6.0,2.8,109.0,18.5,0.994,0.994,1.0,,,,
lamin_candidate,46,6.1,2.9,121.7,9.4,1.0,1.0,1.0,,,,
lamin_candidate,51,5.1,2.8,127.9,8.5,1.0,1.0,1.0,,,,
lamin_candidate,54,5.4,3.0,138.3,13.8,1.0,1.0,1.0,,,,
lamin_candidate,56,9.3,2.9,144.4,66.0,1.0,1.0,1.0,,,,
lamin_candidate,57,5.0,2.4,150.6,75.6,1.0,1.0,1.0,,,,
lamin_candidate,66,6.0,3.4,112.7,16.9,1.0,1.0,1.0,,,,
lamin_candidate,76,6.3,2.6,131.0,75.1,0.086,0.086,0.086,,,,
lamin_candidate,79,5.9,3.0,133.0,10.7,1.0,1.0,1.0,,,,
lamin_candidate,80,8.8,3.4,140.5,60.8,1.0,1.0,1.0,,,,
lamin_candidate,93,8.4,3.3,137.8,54.3,1.0,1.0,1.0,,,,
lamin_candidate,94,6.3,2.8,141.9,19.3,1.0,1.0,1.0,,,,
lamin_candidate,99,7.1,3.5,147.3,40.9,1.0,1.0,1.0,,,,
lamin_candidate,100,7.0,3.5,148.0,34.0,1.0,1.0,1.0,,,,
lamin_candidate,104,7.1,3.9,133.0,14.9,1.0,1.0,1.0,,,,
lamin_candidate,105,5.8,3.5,137.4,46.8,1.0,1.0,1.0,,,,
lamin_candidate,106,6.8,3.9,137.7,18.8,1.0,1.0,1.0,,,,
lamin_candidate,107,10.2,4.1,138.4,39.7,1.0,1.0,1.0,,,,
lamin_candidate,109,7.8,3.1,119.4,39.9,0.531,0.531,0.58,,,,
lamin_candidate,111,5.1,3.8,126.9,118.4,0.995,0.995,0.995,,,,
lamin_candidate,113,5.2,3.7,133.2,65.1,1.0,1.0,1.0,,,,
lamin_candidate,114,6.9,4.1,147.3,46.7,1.0,1.0,1.0,,,,
lamin_candidate,126,5.4,3.9,140.0,25.8,1.0,1.0,1.0,,,,
lamin_candidate,127,6.9,4.1,148.4,28.3,1.0,1.0,1.0,,,,
lamin_candidate,132,5.5,4.3,113.6,20.1,1.0,1.0,1.0,,,,
lamin_candidate,137,9.0,4.1,139.8,32.5,1.0,1.0,1.0,,,,
lamin_candidate,138,6.1,4.4,149.5,52.9,1.0,1.0,1.0,,,,
lamin_candidate,139,8.4,4.4,151.6,57.8,1.0,1.0,1.0,,,,
lamin_candidate,146,7.1,4.8,134.0,7.7,1.0,1.0,1.0,,,,
lamin_candidate,147,6.4,4.5,139.0,10.4,1.0,1.0,1.0,,,,
lamin_candidate,151,6.8,4.5,154.9,62.5,1.0,1.0,1.0,,,,
lamin_candidate,159,5.7,5.0,129.6,5.9,1.0,1.0,1.0,,,,
lamin_candidate,164,11.5,5.4,79.9,224.3,1.0,1.0,1.0,,,,
lamin_candidate,166,5.9,5.1,125.7,43.9,0.995,0.995,1.0,,,,
lamin_candidate,167,5.7,5.1,127.7,46.8,1.0,1.0,1.0,,,,
lamin_candidate,168,85.3,7.1,138.0,141.5,1.0,1.0,1.0,,,,
lamin_candidate,175,6.6,4.9,146.4,99.8,1.0,1.0,1.0,,,,
lamin_candidate,176,6.1,5.8,155.0,135.3,1.0,1.0,1.0,,,,
lamin_candidate,184,5.3,6.2,127.4,64.9,1.0,1.0,1.0,,,,
lamin_candidate,185,41.5,6.9,159.7,224.7,1.0,1.0,1.0,,,,
lamin_candidate,186,6.5,6.5,117.3,5.1,1.0,1.0,1.0,,,,
lamin_candidate,189,5.1,6.3,125.4,57.9,1.0,1.0,1.0,,,,
lamin_candidate,192,12.2,6.8,141.6,64.1,1.0,1.0,1.0,,,,
lamin_candidate,193,14.6,5.9,116.4,141.1,1.0,1.0,1.0,,,,
lamin_candidate,196,5.1,6.6,106.1,18.8,1.0,1.0,1.0,,,,
lamin_candidate,201,9.3,6.7,148.4,73.3,1.0,1.0,1.0,,,,
lamin_candidate,202,10.5,7.2,149.1,80.9,1.0,1.0,1.0,,,,
lamin_candidate,203,5.6,6.7,152.4,125.9,1.0,1.0,1.0,,,,
lamin_candidate,204,6.3,7.2,106.3,14.9,1.0,1.0,1.0,,,,
lamin_candidate,207,5.0,6.8,119.0,130.6,1.0,1.0,1.0,,,,
lamin_candidate,212,6.1,6.9,133.0,90.1,1.0,1.0,1.0,,,,
lamin_candidate,213,6.9,7.4,145.3,17.8,1.0,1.0,1.0,,,,
lamin_candidate,219,6.2,7.2,134.7,17.6,1.0,1.0,1.0,,,,
lamin_candidate,220,11.9,7.1,145.0,69.8,1.0,1.0,1.0,,,,
lamin_candidate,221,7.5,7.4,148.2,31.3,1.0,1.0,1.0,,,,
lamin_candidate,222,8.5,7.2,149.9,86.7,1.0,1.0,1.0,,,,
lamin_candidate,226,9.7,7.3,151.1,60.1,1.0,1.0,1.0,,,,
lamin_candidate,227,9.0,7.6,150.8,107.1,1.0,1.0,1.0,,,,
lamin_candidate,228,8.7,7.5,160.0,79.0,1.0,1.0,1.0,,,,
lamin_candidate,229,6.6,7.3,162.2,85.7,1.0,1.0,1.0,,,,
lamin_candidate,230,5.7,7.4,111.9,137.2,1.0,1.0,1.0,,,,
lamin_candidate,234,7.7,7.7,147.3,43.3,1.0,1.0,1.0,,,,
lamin_candidate,236,5.5,8.0,129.5,67.8,1.0,1.0,1.0,,,,
lamin_candidate,239,6.0,7.7,148.1,37.7,1.0,1.0,1.0,,,,
lamin_candidate,240,10.4,8.3,148.8,55.4,1.0,1.0,1.0,,,,
lamin_candidate,241,8.2,7.8,150.9,100.3,1.0,1.0,1.0,,,,
lamin_candidate,242,8.5,7.6,155.5,66.4,1.0,1.0,1.0,,,,
lamin_candidate,244,6.5,7.8,164.5,115.1,0.999,0.999,1.0,,,,
lamin_candidate,247,8.4,7.8,147.3,49.4,1.0,1.0,1.0,,,,
lamin_candidate,248,6.2,7.7,148.1,24.7,1.0,1.0,1.0,,,,
lamin_candidate,253,7.9,8.4,135.0,9.7,1.0,1.0,1.0,,,,
lamin_candidate,254,9.0,8.1,151.1,116.0,1.0,1.0,1.0,,,,
lamin_candidate,259,8.0,8.0,158.3,73.5,1.0,1.0,1.0,,,,
lamin_candidate,260,5.5,7.9,162.7,92.8,1.0,1.0,1.0,,,,
lamin_candidate,262,6.5,8.7,129.9,63.2,1.0,1.0,1.0,,,,
lamin_candidate,263,5.7,8.4,129.6,102.1,1.0,1.0,1.0,,,,
lamin_candidate,264,9.4,8.4,151.7,70.4,1.0,1.0,1.0,,,,
lamin_candidate,265,11.7,8.6,156.0,103.2,1.0,1.0,1.0,,,,
lamin_candidate,271,9.1,8.7,155.6,83.7,1.0,1.0,1.0,,,,
lamin_candidate,280,5.7,8.7,120.2,6.2,1.0,1.0,1.0,,,,
lamin_candidate,281,7.8,8.6,144.3,33.8,1.0,1.0,1.0,,,,
lamin_candidate,283,6.0,8.5,148.2,65.7,1.0,1.0,1.0,,,,
lamin_candidate,284,11.4,9.1,156.6,111.0,1.0,1.0,1.0,,,,
lamin_candidate,287,5.7,8.8,144.4,21.9,1.0,1.0,1.0,,,,
lamin_candidate,288,6.4,9.1,157.6,120.7,1.0,1.0,1.0,,,,
lamin_candidate,296,5.2,9.3,140.3,17.6,1.0,1.0,1.0,,,,
germ_label,1,18.0,1.3,45.6,188.4,,,,111.3,119.0,0.936,0.782
germ_label,2,120.8,1.2,52.2,172.6,,,,134.3,157.8,0.851,0.943
germ_label,3,22.1,2.4,52.1,197.3,,,,109.3,106.2,1.029,0.767
germ_label,4,43.9,1.0,67.1,168.7,,,,137.4,156.1,0.88,0.965
germ_label,5,30.4,2.5,107.5,24.7,,,,148.7,165.2,0.9,1.044
germ_label,6,30.6,1.9,109.5,14.7,,,,139.8,150.6,0.928,0.982
germ_label,7,26.7,2.1,109.1,18.5,,,,141.7,143.9,0.985,0.995
germ_label,8,28.7,2.0,110.0,29.1,,,,152.1,155.1,0.981,1.068
germ_label,9,37.4,2.3,110.7,22.4,,,,142.3,161.3,0.882,0.999
germ_label,10,31.4,2.5,110.6,11.7,,,,140.1,152.1,0.921,0.983
germ_label,11,29.1,1.9,111.2,137.6,,,,137.9,171.0,0.806,0.968
germ_label,12,38.2,1.7,111.5,132.1,,,,141.7,177.3,0.799,0.995
germ_label,13,29.7,1.9,111.9,26.1,,,,149.5,162.7,0.918,1.049
germ_label,14,30.4,1.8,112.1,33.1,,,,159.6,183.2,0.871,1.12
germ_label,15,34.5,2.8,112.7,17.0,,,,134.5,153.4,0.877,0.944
germ_label,16,26.6,1.7,114.1,36.4,,,,164.9,173.4,0.951,1.158
germ_label,17,28.4,2.2,113.9,29.9,,,,147.2,153.8,0.957,1.033
germ_label,18,33.4,2.3,114.3,13.2,,,,130.9,145.5,0.899,0.919
germ_label,19,29.2,1.8,114.5,134.8,,,,135.7,164.2,0.827,0.953
germ_label,20,40.7,2.0,115.4,126.8,,,,139.3,178.6,0.78,0.978
germ_label,21,27.5,1.7,115.6,40.6,,,,152.7,166.5,0.917,1.072
germ_label,22,29.3,2.0,116.4,33.3,,,,146.7,149.6,0.981,1.03
germ_label,23,32.4,1.8,116.5,131.4,,,,138.9,174.3,0.797,0.975
germ_label,24,38.2,2.4,117.4,7.4,,,,150.2,169.5,0.887,1.055
germ_label,25,24.2,1.6,117.7,43.7,,,,161.0,164.3,0.98,1.131
germ_label,26,29.7,2.1,118.2,37.2,,,,148.4,164.5,0.902,1.042
germ_label,27,23.2,1.7,118.7,46.6,,,,159.9,161.0,0.993,1.123
germ_label,28,35.1,2.2,119.6,120.2,,,,138.6,177.1,0.783,0.973
germ_label,29,34.8,2.1,120.2,124.3,,,,133.6,162.6,0.822,0.938
germ_label,30,26.9,1.7,121.0,50.0,,,,145.2,162.4,0.894,1.02
germ_label,31,13.8,1.2,121.0,193.2,,,,103.0,103.2,0.997,0.723
germ_label,32,37.7,2.4,121.6,9.3,,,,139.3,156.2,0.892,0.978
germ_label,33,27.3,2.7,121.7,43.7,,,,137.4,147.4,0.932,0.965
germ_label,34,35.7,2.0,122.7,53.7,,,,126.5,152.4,0.83,0.888
germ_label,35,27.6,2.1,123.7,46.7,,,,146.6,154.2,0.951,1.029
germ_label,36,36.2,1.8,124.2,112.3,,,,139.0,181.2,0.767,0.976
germ_label,37,34.6,1.6,124.2,116.6,,,,144.4,182.5,0.791,1.013
germ_label,38,32.6,1.6,124.5,126.8,,,,143.7,174.5,0.824,1.009
germ_label,39,31.7,2.3,124.4,57.1,,,,127.3,159.5,0.798,0.894
germ_label,40,37.1,2.0,126.3,120.7,,,,138.3,185.7,0.745,0.971
germ_label,41,32.2,2.6,126.3,106.1,,,,136.4,175.1,0.779,0.958
germ_label,42,37.9,2.2,127.2,53.4,,,,121.9,140.1,0.87,0.856
germ_label,43,35.1,1.4,127.8,101.0,,,,147.8,193.1,0.765,1.037
germ_label,44,33.8,2.5,127.7,8.4,,,,137.9,154.3,0.894,0.968
germ_label,45,37.9,2.4,128.3,57.4,,,,123.5,142.1,0.869,0.867
germ_label,46,32.2,1.5,128.7,108.4,,,,144.6,186.7,0.775,1.015
germ_label,47,26.5,2.1,128.6,93.6,,,,137.2,174.3,0.787,0.963
germ_label,48,35.3,2.2,128.8,113.6,,,,125.2,148.0,0.846,0.879
germ_label,49,36.4,2.2,129.1,64.3,,,,126.2,153.6,0.822,0.886
germ_label,50,25.9,2.1,128.9,76.4,,,,133.9,165.3,0.81,0.94
germ_label,51,28.8,2.1,129.0,72.5,,,,129.8,157.2,0.826,0.911
germ_label,52,26.6,1.8,129.3,84.1,,,,138.8,181.7,0.764,0.974
germ_label,53,26.2,1.9,129.1,90.2,,,,143.5,179.6,0.799,1.008
germ_label,54,185.5,1.8,132.8,137.7,,,,155.9,186.8,0.835,1.094
germ_label,55,38.0,2.0,130.6,60.7,,,,126.8,147.5,0.86,0.89
germ_label,56,34.2,2.0,131.4,95.7,,,,142.5,174.0,0.819,1.0
germ_label,57,26.5,1.8,131.3,69.1,,,,131.1,154.6,0.848,0.92
germ_label,58,22.0,1.7,131.4,78.7,,,,134.2,158.6,0.846,0.942
germ_label,59,30.2,2.4,131.6,101.8,,,,132.1,156.2,0.846,0.927
germ_label,60,22.8,1.9,132.0,72.9,,,,130.5,151.3,0.863,0.916
germ_label,61,31.8,2.3,132.3,90.6,,,,132.3,151.1,0.876,0.929
germ_label,62,4.3,1.6,134.7,168.8,,,,104.6,104.2,1.004,0.734
germ_label,63,41.3,2.5,138.0,13.8,,,,142.6,164.6,0.866,1.001
germ_label,64,29.6,1.2,140.7,100.6,,,,144.5,198.6,0.728,1.014
germ_label,65,16.1,1.1,141.4,100.3,,,,142.1,188.0,0.756,0.997
germ_label,66,52.8,1.9,142.1,44.0,,,,127.2,152.1,0.836,0.893
germ_label,67,61.1,1.1,142.7,100.2,,,,151.1,190.9,0.791,1.061
germ_label,68,42.7,2.4,141.8,19.4,,,,135.0,151.1,0.893,0.948
germ_label,69,55.2,2.0,142.6,50.3,,,,124.5,144.5,0.862,0.874
germ_label,70,55.2,2.0,143.0,37.9,,,,131.0,159.0,0.824,0.92
germ_label,71,51.1,2.1,143.9,30.7,,,,130.8,151.3,0.864,0.918
germ_label,72,55.9,1.8,144.2,56.5,,,,128.0,151.5,0.845,0.899
germ_label,73,52.4,2.2,144.4,24.8,,,,129.3,146.9,0.88,0.908
germ_label,74,55.2,2.3,144.3,66.1,,,,128.4,151.3,0.849,0.902
germ_label,75,179.0,3.1,145.7,101.3,,,,137.7,159.1,0.865,0.967
germ_label,76,35.3,1.9,144.7,96.2,,,,158.8,168.2,0.944,1.115
germ_label,77,50.7,2.1,148.1,71.1,,,,136.1,165.2,0.824,0.955
germ_label,78,52.1,1.9,149.2,61.6,,,,130.2,158.4,0.822,0.914
germ_label,79,54.8,1.9,150.7,75.8,,,,140.3,165.7,0.847,0.985
germ_label,80,51.7,1.7,151.5,81.7,,,,144.0,176.0,0.818,1.011
germ_label,81,50.4,2.3,151.4,120.5,,,,154.0,190.6,0.808,1.081
germ_label,82,52.4,1.9,153.2,66.5,,,,139.9,159.2,0.879,0.982
germ_label,83,47.4,1.8,153.1,87.7,,,,143.2,162.2,0.883,1.005
germ_label,84,58.8,1.8,153.5,110.9,,,,140.9,158.8,0.887,0.989
germ_label,85,54.2,1.6,153.6,94.9,,,,141.0,168.9,0.835,0.99
germ_label,86,53.6,1.8,153.9,102.5,,,,143.0,174.4,0.82,1.004
germ_label,87,40.0,2.2,153.5,130.4,,,,175.8,197.8,0.889,1.234
germ_label,88,53.0,1.8,160.5,117.7,,,,145.0,173.9,0.834,1.018
germ_label,89,47.4,1.6,161.7,126.7,,,,148.5,179.8,0.826,1.043
germ_label,90,51.3,2.3,161.3,82.3,,,,148.8,189.0,0.787,1.045
germ_label,91,48.4,1.9,162.3,104.2,,,,149.8,187.5,0.799,1.051
germ_label,92,49.3,2.1,162.7,109.8,,,,154.8,186.5,0.83,1.087
germ_label,93,49.0,2.6,162.7,89.7,,,,144.7,186.2,0.777,1.016
germ_label,94,53.4,2.3,162.8,96.6,,,,157.2,187.4,0.839,1.104
germ_label,95,32.6,1.3,163.7,135.8,,,,185.1,210.0,0.881,1.3
germ_label,96,18.0,1.0,168.4,145.7,,,,244.3,210.1,1.163,1.715
germ_label,97,38.4,2.8,170.6,131.3,,,,162.7,191.0,0.852,1.142
germ_label,98,25.0,1.8,172.6,139.7,,,,214.6,207.7,1.033,1.507
germ_label,99,8.9,2.5,55.7,200.0,,,,109.5,107.6,1.017,0.769
germ_label,100,75.4,5.7,58.5,197.3,,,,157.3,180.1,0.874,1.105
germ_label,101,34.8,2.9,127.7,68.4,,,,123.8,150.8,0.821,0.869
germ_label,102,33.9,3.0,119.6,131.1,,,,133.9,172.6,0.776,0.94
germ_label,103,28.5,2.4,120.6,40.1,,,,134.7,146.6,0.919,0.946
germ_label,104,44.1,4.6,45.6,185.2,,,,114.2,127.8,0.894,0.802
germ_label,105,30.0,2.7,106.2,16.7,,,,142.6,163.9,0.87,1.001
germ_label,106,32.0,2.9,106.2,20.9,,,,140.2,162.7,0.862,0.984
germ_label,107,35.2,2.9,114.0,9.4,,,,140.6,155.3,0.905,0.987
germ_label,108,34.4,2.7,132.8,10.8,,,,135.6,156.0,0.87,0.952
germ_label,109,50.5,3.1,140.5,60.8,,,,130.3,158.0,0.825,0.915
germ_label,110,17.6,4.1,43.5,184.9,,,,111.4,116.4,0.957,0.782
germ_label,111,35.5,3.1,126.5,61.1,,,,121.4,150.0,0.809,0.852
germ_label,112,38.5,2.9,129.6,196.2,,,,103.2,103.9,0.993,0.725
germ_label,113,48.4,3.1,137.7,54.3,,,,123.4,146.6,0.841,0.866
germ_label,114,49.9,3.2,147.3,41.0,,,,127.5,155.3,0.821,0.895
germ_label,115,42.5,2.5,148.1,229.8,,,,103.4,103.7,0.997,0.726
germ_label,116,44.7,3.2,166.6,121.7,,,,155.2,195.2,0.795,1.09
germ_label,117,15.9,2.7,175.6,150.0,,,,222.7,183.7,1.212,1.564
germ_label,119,24.2,2.7,26.4,214.1,,,,101.4,101.5,0.999,0.712
germ_label,120,25.6,3.1,28.9,212.3,,,,101.4,101.7,0.996,0.712
germ_label,121,70.5,4.7,49.8,188.9,,,,131.1,162.6,0.806,0.92
germ_label,122,13.0,3.2,56.0,195.2,,,,150.6,167.8,0.897,1.057
germ_label,123,6.1,2.4,64.8,168.9,,,,118.8,125.7,0.945,0.834
germ_label,124,20.7,2.9,71.5,171.9,,,,109.0,114.1,0.955,0.765
germ_label,125,29.1,3.1,125.0,50.0,,,,133.0,144.4,0.921,0.934
germ_label,126,4.2,2.5,127.7,216.2,,,,103.1,104.0,0.992,0.724
germ_label,127,47.5,4.1,126.4,215.0,,,,103.2,103.9,0.994,0.725
germ_label,128,21.6,3.1,133.1,75.9,,,,127.2,148.0,0.859,0.893
germ_label,129,48.8,3.4,137.2,46.9,,,,123.1,146.9,0.838,0.864
germ_label,130,45.6,3.2,148.1,34.2,,,,129.8,155.2,0.836,0.911
germ_label,131,50.4,3.6,158.7,70.1,,,,142.5,186.4,0.764,1.0
germ_label,132,16.4,3.0,24.8,221.5,,,,101.5,101.7,0.998,0.712
germ_label,133,22.9,2.8,26.7,219.4,,,,101.3,101.6,0.997,0.711
germ_label,134,41.0,3.5,25.7,217.1,,,,101.4,101.7,0.997,0.712
germ_label,135,21.8,3.2,30.5,218.8,,,,101.7,101.8,0.999,0.714
germ_label,136,17.5,2.9,29.3,220.9,,,,101.4,101.5,0.998,0.712
germ_label,137,17.2,2.8,57.7,181.0,,,,113.4,118.5,0.957,0.796
germ_label,138,21.3,3.2,78.5,151.5,,,,185.0,269.7,0.686,1.299
germ_label,139,5.4,2.2,112.8,217.9,,,,106.0,106.4,0.996,0.744
germ_label,140,63.0,3.1,113.9,223.1,,,,108.4,108.8,0.996,0.761
germ_label,141,28.0,3.5,126.8,118.5,,,,135.4,155.5,0.871,0.951
germ_label,142,5.1,3.2,128.8,217.2,,,,103.2,103.6,0.996,0.724
germ_label,143,21.7,3.2,132.5,81.4,,,,125.5,150.6,0.833,0.881
germ_label,144,35.5,3.6,133.0,14.9,,,,133.3,152.0,0.877,0.936
germ_label,145,36.2,3.3,133.2,65.2,,,,121.6,143.2,0.849,0.854
germ_label,146,40.8,3.7,137.7,19.0,,,,129.3,153.0,0.845,0.908
germ_label,147,50.5,3.8,138.3,39.8,,,,123.1,146.3,0.842,0.864
germ_label,148,46.2,3.7,147.3,46.7,,,,129.9,161.6,0.804,0.912
germ_label,149,47.4,3.7,148.4,28.3,,,,131.7,158.7,0.83,0.924
germ_label,150,47.5,3.6,160.3,75.9,,,,133.3,165.2,0.807,0.936
germ_label,151,35.7,3.5,26.6,210.4,,,,101.1,101.5,0.997,0.71
germ_label,152,23.2,3.2,41.0,186.8,,,,107.5,109.7,0.98,0.755
germ_label,153,4.8,3.0,78.3,147.7,,,,105.4,105.5,1.0,0.74
germ_label,154,55.2,3.3,83.2,177.1,,,,107.7,109.7,0.982,0.756
germ_label,155,29.3,3.6,107.2,12.5,,,,135.0,152.8,0.883,0.948
germ_label,156,33.9,3.9,109.0,134.7,,,,131.0,158.8,0.825,0.92
germ_label,157,30.4,3.6,131.0,108.8,,,,130.9,157.2,0.833,0.919
germ_label,158,46.6,3.9,139.6,32.6,,,,126.2,144.5,0.874,0.886
germ_label,159,46.9,4.0,149.4,52.9,,,,132.4,163.8,0.808,0.929
germ_label,160,25.1,3.9,156.0,141.3,,,,198.0,197.4,1.003,1.39
germ_label,162,21.4,3.1,45.5,194.5,,,,103.2,103.6,0.996,0.725
germ_label,163,12.6,3.0,66.3,176.3,,,,105.1,105.7,0.994,0.738
germ_label,164,149.5,5.1,79.1,224.4,,,,195.2,210.2,0.929,1.37
germ_label,165,39.8,3.9,110.2,219.0,,,,105.6,105.9,0.997,0.741
germ_label,166,28.9,4.0,114.5,23.6,,,,139.5,150.3,0.928,0.98
germ_label,167,26.1,3.9,119.7,33.7,,,,136.4,154.1,0.885,0.958
germ_label,168,35.9,3.8,120.9,5.0,,,,141.6,162.2,0.873,0.994
germ_label,169,44.7,3.9,139.8,26.1,,,,126.7,149.2,0.849,0.889
germ_label,170,41.7,4.0,147.1,20.7,,,,128.7,154.3,0.834,0.903
germ_label,171,50.2,4.1,154.9,62.7,,,,138.2,168.4,0.821,0.971
germ_label,172,4.2,3.2,175.6,176.8,,,,109.2,108.5,1.007,0.767
germ_label,173,13.4,3.3,177.2,157.8,,,,244.5,199.1,1.228,1.717
germ_label,174,23.4,3.6,31.1,215.7,,,,101.6,101.6,0.999,0.713
germ_label,175,12.7,3.3,41.0,181.5,,,,109.2,112.7,0.968,0.766
germ_label,176,48.9,3.3,48.4,178.3,,,,121.8,134.6,0.905,0.855
germ_label,177,8.3,3.5,59.1,200.8,,,,107.3,109.0,0.985,0.753
germ_label,178,10.8,3.0,69.8,174.3,,,,108.9,112.8,0.965,0.765
germ_label,179,29.9,4.0,73.8,173.0,,,,108.5,111.5,0.973,0.762
germ_label,180,8.2,2.9,77.6,170.9,,,,107.4,107.3,1.001,0.754
germ_label,181,37.5,4.6,80.0,213.4,,,,103.6,104.1,0.995,0.727
germ_label,182,21.8,3.6,83.4,151.9,,,,185.5,289.8,0.64,1.302
germ_label,183,76.8,3.0,90.0,201.5,,,,103.2,103.6,0.996,0.724
germ_label,184,17.7,3.6,90.4,163.6,,,,195.6,326.2,0.6,1.373
germ_label,185,14.4,3.9,91.7,161.3,,,,141.2,174.7,0.808,0.991
germ_label,186,31.5,4.3,113.6,20.1,,,,134.9,144.8,0.931,0.947
germ_label,187,24.9,4.0,116.2,27.1,,,,144.5,147.5,0.979,1.014
germ_label,188,34.3,4.5,118.8,12.7,,,,130.0,147.0,0.884,0.912
germ_label,189,7.6,3.0,123.8,135.0,,,,171.4,202.1,0.848,1.203
germ_label,190,20.4,3.8,128.6,80.7,,,,131.2,162.0,0.81,0.921
germ_label,191,31.9,4.0,128.9,50.3,,,,123.7,136.8,0.905,0.869
germ_label,192,30.7,4.6,133.9,7.8,,,,142.6,150.8,0.946,1.001
germ_label,193,37.2,4.2,139.0,10.4,,,,133.0,151.7,0.877,0.934
germ_label,194,34.9,4.0,143.6,14.9,,,,135.6,157.6,0.861,0.952
germ_label,195,18.7,4.0,159.4,145.8,,,,216.6,178.3,1.215,1.521
germ_label,196,13.4,3.5,169.3,163.2,,,,240.1,204.0,1.177,1.686
germ_label,197,8.7,3.5,28.5,207.5,,,,101.2,101.4,0.998,0.711
germ_label,198,24.1,3.5,30.5,208.6,,,,101.5,101.6,0.998,0.712
germ_label,199,5.1,2.9,48.4,196.9,,,,103.1,102.9,1.002,0.724
germ_label,200,10.6,3.4,54.9,201.7,,,,103.7,104.4,0.993,0.728
germ_label,201,17.1,4.1,87.0,157.2,,,,130.0,154.7,0.84,0.913
germ_label,202,15.5,4.0,94.2,163.7,,,,131.7,155.2,0.849,0.925
germ_label,203,31.1,3.9,97.2,174.5,,,,108.7,109.5,0.992,0.763
germ_label,204,14.4,3.0,116.3,193.3,,,,104.2,105.2,0.99,0.731
germ_label,205,26.7,4.1,117.9,30.1,,,,138.2,146.6,0.942,0.97
germ_label,206,34.0,4.2,125.8,12.4,,,,133.0,143.9,0.924,0.934
germ_label,207,28.4,4.5,127.6,47.0,,,,138.2,153.4,0.901,0.97
germ_label,208,27.4,4.1,130.9,53.3,,,,121.6,138.4,0.879,0.854
germ_label,209,26.7,4.0,133.3,98.5,,,,122.8,138.5,0.886,0.862
germ_label,210,21.9,3.9,134.0,70.2,,,,123.8,140.2,0.883,0.869
germ_label,211,46.3,4.3,151.5,57.9,,,,129.5,151.2,0.857,0.909
germ_label,212,14.4,3.9,153.2,171.4,,,,160.7,147.5,1.09,1.128
germ_label,213,15.9,3.8,163.5,153.0,,,,213.4,178.4,1.196,1.498
germ_label,214,5.5,3.4,174.9,170.1,,,,242.8,286.0,0.849,1.705
germ_label,215,128.4,6.0,27.3,191.9,,,,102.0,102.5,0.994,0.716
germ_label,216,145.3,5.5,32.0,186.6,,,,103.9,106.1,0.978,0.729
germ_label,217,18.6,3.4,34.0,214.9,,,,101.7,102.1,0.996,0.714
germ_label,218,19.8,3.6,34.8,207.0,,,,101.3,101.6,0.998,0.711
germ_label,219,28.7,3.5,37.9,209.0,,,,101.5,101.7,0.998,0.713
germ_label,220,17.7,3.9,40.9,189.0,,,,105.0,108.3,0.969,0.737
germ_label,221,6.1,3.4,49.3,198.2,,,,103.0,102.9,1.001,0.723
germ_label,222,24.8,4.1,57.4,206.2,,,,102.9,103.1,0.999,0.723
germ_label,223,11.3,3.9,60.6,214.1,,,,102.9,104.1,0.988,0.723
germ_label,224,65.3,4.5,60.4,206.6,,,,103.7,103.7,1.001,0.728
germ_label,225,51.1,4.4,68.4,198.3,,,,110.9,112.0,0.99,0.779
germ_label,226,27.3,3.2,76.7,166.9,,,,107.8,110.3,0.977,0.756
germ_label,227,4.9,3.2,92.6,205.6,,,,102.9,103.0,0.999,0.722
germ_label,228,46.6,5.4,104.0,228.3,,,,103.4,103.8,0.997,0.726
germ_label,229,20.8,3.0,107.3,182.4,,,,104.9,106.6,0.983,0.736
germ_label,230,28.4,4.6,110.0,8.7,,,,138.3,152.5,0.907,0.971
germ_label,231,29.6,4.5,112.0,139.7,,,,133.5,185.9,0.718,0.937
germ_label,232,36.0,4.7,115.7,136.2,,,,127.4,150.9,0.844,0.894
germ_label,233,30.0,3.1,117.3,188.6,,,,103.2,103.7,0.995,0.724
germ_label,234,28.8,4.4,123.8,40.7,,,,135.8,149.1,0.91,0.953
germ_label,235,10.2,3.7,129.9,217.7,,,,102.9,103.2,0.998,0.723
germ_label,236,32.6,4.4,132.1,57.2,,,,119.2,137.2,0.869,0.837
germ_label,237,20.9,4.2,133.2,86.7,,,,126.2,147.5,0.856,0.886
germ_label,238,21.3,3.4,34.2,209.9,,,,101.6,102.0,0.996,0.713
germ_label,239,11.2,3.6,36.1,203.9,,,,101.7,102.0,0.997,0.714
germ_label,240,21.2,3.5,38.1,213.0,,,,102.0,102.1,0.999,0.716
germ_label,241,12.0,4.0,37.5,184.6,,,,106.3,108.6,0.979,0.746
germ_label,242,14.2,3.8,41.3,183.1,,,,107.7,108.5,0.993,0.756
germ_label,243,17.6,3.7,44.3,199.2,,,,102.4,103.1,0.993,0.719
germ_label,244,35.2,4.0,43.9,203.8,,,,101.9,102.2,0.997,0.716
germ_label,245,16.6,5.0,59.0,198.8,,,,118.6,150.5,0.788,0.832
germ_label,246,16.1,4.5,76.2,175.3,,,,107.9,108.0,0.999,0.757
germ_label,247,11.0,4.0,97.7,160.8,,,,164.8,229.6,0.718,1.157
germ_label,248,20.3,4.7,98.4,163.1,,,,151.3,220.2,0.687,1.062
germ_label,249,12.6,3.7,98.9,218.8,,,,103.5,104.4,0.991,0.727
germ_label,250,14.1,3.7,103.4,177.7,,,,106.5,107.6,0.989,0.748
germ_label,251,16.4,3.6,104.1,219.1,,,,103.5,103.7,0.998,0.727
germ_label,252,29.9,4.5,108.6,180.3,,,,104.0,104.7,0.993,0.73
germ_label,253,36.0,3.5,109.6,209.6,,,,103.7,104.1,0.996,0.728
germ_label,254,4.6,3.9,111.4,170.5,,,,108.1,108.0,1.001,0.759
germ_label,255,4.0,3.9,116.5,178.0,,,,104.7,104.5,1.001,0.735
germ_label,256,6.4,3.4,120.5,221.9,,,,105.9,106.4,0.996,0.744
germ_label,257,11.7,3.6,121.7,223.9,,,,105.5,105.6,0.999,0.741
germ_label,258,24.5,5.0,121.4,37.0,,,,144.5,148.0,0.977,1.015
germ_label,259,22.4,4.3,129.1,98.0,,,,129.8,152.9,0.849,0.911
germ_label,260,33.2,4.8,129.6,5.8,,,,137.8,155.6,0.886,0.967
germ_label,261,281.4,7.2,137.6,141.7,,,,138.5,157.5,0.879,0.973
germ_label,262,7.4,4.1,175.9,169.2,,,,282.6,231.4,1.221,1.984
germ_label,264,13.4,3.7,6.5,232.6,,,,101.0,101.1,0.999,0.709
germ_label,265,33.8,3.8,32.1,203.0,,,,101.5,101.8,0.997,0.713
germ_label,266,6.1,3.8,35.7,205.3,,,,101.7,102.1,0.996,0.714
germ_label,267,32.5,4.7,35.5,200.2,,,,101.9,102.2,0.998,0.716
germ_label,268,27.9,3.8,38.4,203.0,,,,101.9,102.4,0.996,0.716
germ_label,269,12.3,4.4,37.1,181.9,,,,105.7,106.8,0.989,0.742
germ_label,270,38.1,3.9,39.9,198.3,,,,102.1,102.4,0.998,0.717
germ_label,271,75.4,5.0,47.1,203.2,,,,102.5,102.8,0.997,0.72
germ_label,272,26.3,4.6,108.4,139.1,,,,128.1,153.9,0.832,0.899
germ_label,273,34.1,5.0,113.4,130.0,,,,134.4,160.2,0.839,0.944
germ_label,274,164.4,5.4,116.7,141.3,,,,139.7,160.7,0.869,0.981
germ_label,275,21.2,4.4,122.6,127.5,,,,126.6,156.8,0.807,0.889
germ_label,276,25.6,4.6,125.5,44.0,,,,140.3,145.9,0.962,0.985
germ_label,277,21.7,4.8,128.9,86.9,,,,131.7,161.6,0.815,0.924
germ_label,278,19.4,4.5,133.1,93.4,,,,128.3,147.5,0.87,0.901
germ_label,279,22.4,4.8,132.9,60.8,,,,123.8,143.2,0.864,0.869
germ_label,280,32.0,5.4,154.9,135.4,,,,157.5,169.9,0.927,1.106
germ_label,282,16.7,4.3,8.3,228.3,,,,101.1,101.3,0.998,0.71
germ_label,283,51.1,5.6,8.2,230.3,,,,101.1,101.3,0.998,0.71
germ_label,284,30.7,4.7,14.9,206.9,,,,101.4,101.9,0.996,0.712
germ_label,285,11.7,3.6,16.5,232.5,,,,103.6,103.8,0.998,0.727
germ_label,286,67.8,5.8,22.3,205.1,,,,101.3,101.7,0.996,0.711
germ_label,287,22.4,5.0,24.9,209.2,,,,101.2,101.4,0.999,0.711
germ_label,288,7.6,4.0,39.0,202.9,,,,101.8,102.0,0.997,0.714
germ_label,289,13.0,4.5,41.9,200.9,,,,102.5,103.0,0.995,0.72
germ_label,290,176.2,5.3,48.1,218.5,,,,102.6,103.0,0.996,0.72
germ_label,291,25.8,3.9,99.1,185.4,,,,104.1,104.6,0.996,0.731
germ_label,292,32.0,4.3,117.2,223.1,,,,108.7,109.1,0.997,0.763
germ_label,293,29.5,4.3,120.0,210.7,,,,103.6,103.8,0.998,0.727
germ_label,294,28.8,5.0,122.3,117.3,,,,135.9,163.8,0.83,0.954
germ_label,295,30.4,5.6,124.8,5.0,,,,146.1,163.6,0.893,1.026
germ_label,296,19.0,4.8,129.4,115.3,,,,126.9,147.0,0.863,0.891
germ_label,297,32.3,5.1,132.5,104.2,,,,124.0,138.7,0.894,0.87
germ_label,298,25.1,4.5,154.3,231.7,,,,103.8,104.1,0.997,0.729
germ_label,299,51.1,4.2,18.3,208.4,,,,101.1,101.3,0.998,0.71
germ_label,300,8.8,5.0,34.6,182.2,,,,104.6,106.0,0.987,0.734
germ_label,301,29.4,4.6,42.2,211.8,,,,101.9,102.1,0.998,0.716
germ_label,302,8.0,5.7,46.5,185.7,,,,116.2,124.8,0.931,0.816
germ_label,303,38.7,4.5,49.0,213.5,,,,102.4,103.0,0.994,0.719
germ_label,304,34.9,4.6,51.4,205.5,,,,102.7,103.1,0.996,0.721
germ_label,305,40.2,5.6,58.8,165.7,,,,127.9,148.1,0.864,0.898
germ_label,306,13.2,4.9,69.2,212.9,,,,166.2,222.5,0.747,1.167
germ_label,307,15.2,4.1,83.5,211.1,,,,104.3,105.6,0.988,0.732
germ_label,308,27.3,5.3,110.5,31.2,,,,135.2,144.7,0.934,0.949
germ_label,309,36.8,4.0,111.2,205.3,,,,103.8,104.3,0.994,0.728
germ_label,310,4.3,4.5,110.4,213.7,,,,103.4,103.5,0.999,0.726
germ_label,311,5.2,5.6,112.4,171.3,,,,106.3,106.0,1.003,0.746
germ_label,312,20.7,5.0,112.6,35.2,,,,155.2,159.7,0.972,1.089
germ_label,313,23.8,5.1,114.7,38.7,,,,154.0,156.2,0.986,1.081
germ_label,314,6.5,4.6,115.7,172.0,,,,105.4,105.1,1.003,0.74
germ_label,315,27.3,5.2,125.2,109.9,,,,131.8,155.4,0.848,0.925
germ_label,316,32.1,5.6,132.9,77.6,,,,129.4,151.8,0.852,0.908
germ_label,317,11.8,4.5,136.5,230.6,,,,102.7,102.9,0.999,0.721
germ_label,318,300.5,7.3,159.4,225.2,,,,172.4,198.7,0.868,1.211
germ_label,320,5.9,4.5,0.4,222.7,,,,100.4,100.4,1.001,0.705
germ_label,321,6.4,4.6,4.4,233.1,,,,100.8,100.7,1.001,0.707
germ_label,322,31.3,5.3,9.1,220.6,,,,101.5,101.9,0.996,0.712
germ_label,323,19.1,4.6,20.5,232.5,,,,107.3,107.9,0.995,0.753
germ_label,324,14.9,4.4,20.6,202.4,,,,101.2,101.4,0.998,0.711
germ_label,325,40.0,5.8,18.5,203.3,,,,101.8,102.3,0.995,0.715
germ_label,326,14.0,4.8,22.7,208.1,,,,101.2,101.3,0.998,0.71
germ_label,327,78.8,5.2,23.1,199.9,,,,101.4,102.0,0.994,0.712
germ_label,328,11.5,4.5,23.9,196.2,,,,101.4,101.6,0.998,0.712
germ_label,329,23.0,5.0,30.2,223.4,,,,101.8,102.4,0.994,0.715
germ_label,330,14.1,4.6,37.2,187.3,,,,103.5,104.4,0.992,0.727
germ_label,331,35.1,4.4,41.8,215.5,,,,102.9,103.1,0.998,0.722
germ_label,332,42.9,4.9,40.9,192.5,,,,103.2,104.3,0.99,0.725
germ_label,333,21.1,4.9,42.2,207.9,,,,101.9,102.0,0.999,0.716
germ_label,334,29.6,6.5,48.7,185.1,,,,133.2,145.6,0.915,0.935
germ_label,335,27.7,5.9,48.2,182.0,,,,117.7,136.1,0.865,0.826
germ_label,336,11.4,4.7,55.5,220.2,,,,102.9,103.6,0.993,0.722
germ_label,337,27.9,4.5,81.6,184.6,,,,104.6,106.1,0.986,0.735
germ_label,338,15.0,4.1,111.4,190.9,,,,104.2,105.2,0.991,0.732
germ_label,339,13.5,5.2,112.1,203.0,,,,103.9,105.0,0.99,0.73
germ_label,340,6.1,4.2,116.4,198.6,,,,103.4,103.5,0.999,0.726
germ_label,341,19.1,4.9,124.7,121.9,,,,126.8,153.2,0.828,0.89
germ_label,342,4.3,4.4,126.2,171.6,,,,104.6,104.2,1.004,0.734
germ_label,343,18.0,4.5,133.4,225.4,,,,103.3,103.4,0.998,0.725
germ_label,344,4.2,4.9,146.0,200.6,,,,104.3,104.2,1.001,0.732
germ_label,345,32.7,5.2,1.5,231.6,,,,100.7,101.0,0.997,0.707
germ_label,346,26.5,4.9,11.5,218.1,,,,101.2,101.5,0.997,0.71
germ_label,347,25.1,4.7,16.9,219.2,,,,101.1,101.2,0.999,0.71
germ_label,348,19.6,4.6,25.8,226.5,,,,101.8,101.9,0.999,0.715
germ_label,349,18.5,4.7,25.8,205.7,,,,101.6,101.7,0.999,0.713
germ_label,350,11.1,4.9,28.1,184.2,,,,105.9,109.0,0.971,0.743
germ_label,351,38.3,5.7,29.8,200.1,,,,101.6,101.6,1.0,0.713
germ_label,352,15.0,4.6,32.6,221.4,,,,101.6,101.8,0.998,0.713
germ_label,353,14.6,4.5,35.3,221.1,,,,101.9,102.1,0.998,0.715
germ_label,354,38.9,5.5,36.5,227.9,,,,101.7,101.9,0.997,0.714
germ_label,355,19.8,5.4,36.9,218.2,,,,102.3,102.6,0.998,0.718
germ_label,356,22.1,7.1,50.6,182.4,,,,130.5,145.1,0.9,0.916
germ_label,357,20.5,5.1,48.2,210.8,,,,102.1,102.8,0.993,0.717
germ_label,358,27.1,4.6,52.7,210.2,,,,102.4,102.9,0.995,0.719
germ_label,359,18.8,4.7,55.5,212.6,,,,102.4,102.6,0.999,0.719
germ_label,360,19.2,4.3,77.0,190.6,,,,106.4,109.0,0.976,0.747
germ_label,361,7.2,4.7,91.6,195.4,,,,103.7,104.3,0.994,0.728
germ_label,362,16.1,5.1,95.1,160.8,,,,137.5,169.5,0.811,0.965
germ_label,363,24.4,5.6,116.2,42.1,,,,141.3,151.1,0.935,0.992
germ_label,364,35.9,5.4,117.5,125.3,,,,133.8,156.4,0.856,0.94
germ_label,365,22.0,5.6,118.3,45.3,,,,143.5,146.4,0.98,1.007
germ_label,366,30.7,5.6,123.4,55.1,,,,127.4,147.5,0.864,0.894
germ_label,367,8.6,4.8,123.8,212.5,,,,103.4,103.7,0.998,0.726
germ_label,368,18.9,4.9,4.8,227.2,,,,100.6,100.6,1.0,0.707
germ_label,369,15.8,5.5,15.8,203.2,,,,101.1,101.4,0.997,0.71
germ_label,370,36.2,5.2,21.5,212.9,,,,101.3,101.6,0.997,0.711
germ_label,371,4.8,6.7,29.3,201.7,,,,101.6,101.5,1.001,0.713
germ_label,372,27.4,5.4,34.9,217.9,,,,101.8,102.1,0.998,0.715
germ_label,373,11.4,4.9,35.3,180.0,,,,109.8,111.0,0.989,0.771
germ_label,374,39.6,7.1,34.9,216.7,,,,101.6,101.9,0.997,0.713
germ_label,375,27.0,5.4,38.1,225.2,,,,101.8,102.3,0.996,0.715
germ_label,376,33.1,5.3,37.9,230.9,,,,101.5,101.6,0.999,0.713
germ_label,377,29.7,6.4,40.7,203.3,,,,101.9,102.5,0.994,0.715
germ_label,378,9.8,4.8,44.8,207.4,,,,101.8,102.0,0.998,0.715
germ_label,379,22.2,4.7,92.4,179.2,,,,105.8,107.5,0.984,0.743
germ_label,380,36.8,4.6,94.2,198.5,,,,103.9,104.9,0.99,0.729
germ_label,381,12.2,5.3,96.5,172.8,,,,109.2,109.1,1.0,0.766
germ_label,382,13.1,4.6,100.2,190.1,,,,103.5,104.0,0.994,0.726
germ_label,383,13.7,4.9,100.7,194.8,,,,103.9,105.0,0.989,0.729
germ_label,384,32.9,5.9,108.6,27.2,,,,133.7,149.7,0.893,0.938
germ_label,385,32.2,5.9,127.3,65.1,,,,123.8,143.9,0.86,0.869
germ_label,386,24.1,6.0,129.0,91.4,,,,131.5,159.6,0.824,0.923
germ_label,387,22.1,5.6,133.5,72.7,,,,123.4,138.1,0.893,0.866
germ_label,388,4.3,5.4,142.9,200.4,,,,104.6,104.6,1.0,0.735
germ_label,389,10.1,5.1,34.8,189.5,,,,102.6,102.6,1.0,0.72
germ_label,390,66.3,5.7,36.5,195.5,,,,102.2,102.9,0.993,0.718
germ_label,391,8.9,5.1,49.2,208.3,,,,101.9,102.1,0.998,0.715
germ_label,392,26.1,6.0,63.2,165.6,,,,125.7,148.0,0.849,0.882
germ_label,393,21.2,5.6,78.3,183.4,,,,105.0,106.4,0.987,0.737
germ_label,394,17.0,5.7,95.1,221.7,,,,103.8,104.8,0.991,0.729
germ_label,395,29.3,5.8,114.7,15.6,,,,129.0,138.5,0.931,0.905
germ_label,396,24.7,5.9,120.1,48.5,,,,135.7,140.8,0.964,0.953
germ_label,397,32.4,6.0,125.3,58.0,,,,125.2,146.1,0.857,0.879
germ_label,398,17.7,5.6,126.5,116.1,,,,130.8,144.9,0.903,0.918
germ_label,399,28.3,5.9,127.5,102.3,,,,126.0,145.5,0.866,0.884
germ_label,400,26.1,5.9,128.6,71.5,,,,123.9,145.9,0.85,0.87
germ_label,401,4.0,5.3,170.9,173.0,,,,108.0,107.5,1.004,0.758
germ_label,402,47.8,5.5,6.0,215.3,,,,100.8,100.9,0.999,0.707
germ_label,403,22.5,5.4,6.0,219.5,,,,100.7,100.9,0.999,0.707
germ_label,404,8.2,6.6,9.2,232.9,,,,101.1,101.4,0.997,0.71
germ_label,405,12.8,5.8,23.8,232.2,,,,107.4,107.8,0.996,0.754
germ_label,406,18.9,5.9,32.1,194.0,,,,102.0,102.4,0.996,0.716
germ_label,407,12.9,5.6,33.7,192.7,,,,102.0,102.5,0.995,0.716
germ_label,408,6.2,5.2,35.5,192.5,,,,102.6,102.8,0.998,0.72
germ_label,409,15.9,5.4,43.1,223.4,,,,102.6,102.7,0.999,0.72
germ_label,410,10.5,5.2,98.1,191.9,,,,103.2,103.3,0.998,0.724
germ_label,411,37.4,6.6,105.7,18.9,,,,138.1,158.8,0.869,0.969
germ_label,412,10.6,5.1,108.6,195.7,,,,103.2,103.1,1.001,0.724
germ_label,413,31.9,6.7,113.1,6.5,,,,140.2,157.3,0.891,0.984
germ_label,414,4.1,5.4,113.8,177.2,,,,104.6,104.4,1.002,0.735
germ_label,415,11.4,5.1,113.7,201.0,,,,103.8,104.4,0.994,0.729
germ_label,416,4.2,5.6,115.3,169.4,,,,105.1,104.7,1.004,0.738
germ_label,417,32.5,6.2,117.2,5.0,,,,137.8,150.7,0.915,0.968
germ_label,418,4.2,5.4,121.1,170.9,,,,104.3,103.7,1.005,0.732
germ_label,419,24.8,5.9,122.1,51.7,,,,143.2,151.6,0.945,1.006
germ_label,420,25.5,6.1,129.0,75.8,,,,125.2,148.7,0.842,0.879
germ_label,421,34.1,6.6,152.2,126.0,,,,152.7,167.9,0.909,1.072
germ_label,422,53.1,7.0,162.2,85.7,,,,137.8,165.2,0.834,0.968
germ_label,423,27.1,5.5,1.8,226.5,,,,100.5,100.7,0.998,0.706
germ_label,424,6.0,5.1,12.3,222.5,,,,101.4,101.4,1.0,0.712
germ_label,425,27.6,6.8,16.0,220.9,,,,101.0,101.1,0.999,0.709
germ_label,426,18.4,6.1,15.7,210.4,,,,101.0,101.1,0.999,0.709
germ_label,427,16.3,6.2,28.4,224.0,,,,102.0,102.9,0.991,0.716
germ_label,428,13.8,5.7,31.9,196.6,,,,102.2,102.2,1.0,0.717
germ_label,429,13.3,6.3,30.3,213.1,,,,101.4,101.9,0.995,0.712
germ_label,430,18.7,5.8,40.7,223.2,,,,102.4,102.6,0.999,0.719
germ_label,431,14.7,5.4,46.6,223.3,,,,102.1,102.2,0.999,0.717
germ_label,432,15.6,6.1,83.9,185.8,,,,103.7,104.2,0.995,0.728
germ_label,433,18.6,5.6,83.9,159.7,,,,130.9,161.0,0.813,0.919
germ_label,434,5.8,5.1,84.6,189.8,,,,103.2,103.3,0.999,0.725
germ_label,435,14.4,5.3,91.7,192.5,,,,103.9,104.5,0.994,0.729
germ_label,436,28.5,6.6,106.8,23.1,,,,140.7,150.5,0.935,0.988
germ_label,437,5.0,5.6,117.2,203.9,,,,104.9,105.6,0.994,0.737
germ_label,438,35.8,6.4,119.0,130.8,,,,131.5,154.3,0.852,0.923
germ_label,439,35.3,6.6,119.7,121.8,,,,134.4,156.8,0.857,0.943
germ_label,440,19.6,6.3,129.3,83.6,,,,130.5,153.9,0.848,0.916
germ_label,441,34.4,6.5,132.3,83.3,,,,127.6,147.6,0.865,0.896
germ_label,442,5.3,6.4,132.1,190.2,,,,105.0,104.8,1.002,0.737
germ_label,443,33.4,6.7,132.9,90.4,,,,131.6,147.2,0.894,0.924
germ_label,444,47.4,6.8,139.1,56.9,,,,121.3,137.5,0.882,0.852
germ_label,445,49.2,6.6,141.5,64.1,,,,126.7,145.4,0.871,0.889
germ_label,446,46.9,6.5,148.3,73.4,,,,128.8,146.1,0.881,0.904
germ_label,447,10.1,6.9,8.6,222.5,,,,101.4,101.7,0.996,0.712
germ_label,448,16.0,6.4,12.5,207.8,,,,100.7,100.8,1.0,0.707
germ_label,449,6.3,5.8,51.2,187.5,,,,148.4,181.7,0.817,1.042
germ_label,450,18.2,5.5,77.1,180.0,,,,106.4,107.0,0.995,0.747
germ_label,451,12.0,5.4,96.1,192.8,,,,103.3,103.7,0.996,0.725
germ_label,452,30.5,5.7,100.7,210.4,,,,104.6,105.9,0.988,0.734
germ_label,453,36.6,7.0,106.1,15.0,,,,134.4,152.4,0.882,0.943
germ_label,454,4.1,5.7,126.4,187.1,,,,104.8,105.0,0.998,0.735
germ_label,455,4.1,5.7,128.6,181.6,,,,104.4,104.3,1.002,0.733
germ_label,456,18.1,6.4,131.0,109.7,,,,124.2,139.4,0.891,0.872
germ_label,457,46.6,6.8,145.0,69.9,,,,125.3,140.3,0.893,0.88
germ_label,458,50.0,6.9,149.0,81.1,,,,130.9,152.5,0.859,0.919
germ_label,459,49.9,7.0,149.8,86.8,,,,129.8,153.5,0.846,0.912
germ_label,460,19.4,5.7,4.7,223.3,,,,100.7,100.7,1.0,0.707
germ_label,461,21.7,6.0,7.6,224.3,,,,101.1,101.2,0.999,0.71
germ_label,462,16.9,6.0,26.1,198.4,,,,101.5,101.6,1.0,0.713
germ_label,463,22.6,6.1,41.7,226.2,,,,101.7,102.3,0.995,0.714
germ_label,464,15.4,6.6,72.4,149.6,,,,145.7,185.3,0.786,1.023
germ_label,465,27.3,6.0,73.3,201.4,,,,115.1,112.0,1.028,0.808
germ_label,466,15.0,6.0,96.3,169.4,,,,149.4,206.6,0.723,1.049
germ_label,467,32.9,5.9,110.8,226.6,,,,113.2,113.0,1.002,0.795
germ_label,468,33.2,7.1,110.6,133.6,,,,130.9,149.6,0.875,0.919
germ_label,469,4.4,5.8,116.9,207.0,,,,104.9,105.5,0.994,0.737
germ_label,470,34.3,6.9,128.6,14.7,,,,126.4,139.9,0.903,0.888
germ_label,471,22.6,6.5,132.9,63.4,,,,125.2,142.3,0.88,0.879
germ_label,472,203.8,7.5,137.6,109.6,,,,122.8,133.9,0.917,0.862
germ_label,473,48.3,7.4,159.9,79.2,,,,132.4,154.1,0.859,0.929
germ_label,474,47.0,7.2,163.6,100.1,,,,141.0,166.2,0.849,0.99
germ_label,475,32.7,6.9,25.6,219.0,,,,101.2,101.4,0.998,0.711
germ_label,476,34.2,6.7,38.0,221.1,,,,103.1,102.8,1.003,0.724
germ_label,477,11.5,6.3,61.7,201.1,,,,109.1,109.4,0.997,0.766
germ_label,478,15.3,5.7,73.8,189.0,,,,105.7,106.0,0.997,0.742
germ_label,479,16.5,5.7,91.1,188.1,,,,103.3,103.5,0.997,0.725
germ_label,480,22.9,6.4,95.6,218.0,,,,103.1,103.5,0.996,0.724
germ_label,481,22.7,7.5,102.1,170.5,,,,270.9,363.7,0.745,1.902
germ_label,482,28.0,7.1,124.0,114.4,,,,131.3,152.8,0.859,0.921
germ_label,483,34.4,7.3,126.7,61.5,,,,123.9,145.7,0.85,0.87
germ_label,484,20.5,6.9,127.5,119.2,,,,123.8,137.0,0.903,0.869
germ_label,485,34.5,7.0,132.8,67.7,,,,122.4,137.3,0.892,0.859
germ_label,486,20.0,6.9,133.3,96.4,,,,124.3,138.6,0.896,0.872
germ_label,487,32.9,7.2,134.7,17.7,,,,137.1,147.8,0.927,0.962
germ_label,488,43.5,7.0,138.9,22.6,,,,122.9,137.9,0.891,0.863
germ_label,489,51.9,7.1,138.2,49.5,,,,118.5,132.3,0.895,0.832
germ_label,490,99.1,8.2,137.3,103.6,,,,122.6,132.5,0.925,0.86
germ_label,491,4.6,6.4,143.9,203.2,,,,104.1,104.2,0.999,0.731
germ_label,492,44.6,7.3,148.3,31.4,,,,130.6,150.9,0.865,0.917
germ_label,493,47.0,7.2,150.7,107.4,,,,132.8,155.1,0.856,0.933
germ_label,494,53.4,7.3,151.0,60.3,,,,128.2,148.5,0.863,0.9
germ_label,495,13.4,6.7,163.6,170.1,,,,196.3,164.2,1.196,1.378
germ_label,496,15.3,6.3,19.9,215.4,,,,101.7,102.5,0.992,0.714
germ_label,497,24.8,6.8,25.6,202.1,,,,101.5,102.4,0.992,0.713
germ_label,498,34.3,7.6,28.5,215.0,,,,101.4,101.8,0.996,0.712
germ_label,499,17.8,6.5,33.0,210.6,,,,101.5,101.7,0.998,0.712
germ_label,500,173.9,8.2,62.2,227.2,,,,184.7,220.2,0.839,1.297
germ_label,501,16.1,6.5,82.2,169.1,,,,138.9,176.5,0.787,0.975
germ_label,502,14.1,6.2,86.8,186.4,,,,103.5,104.1,0.994,0.727
germ_label,503,31.1,7.4,108.2,11.6,,,,134.6,150.6,0.894,0.945
germ_label,504,34.5,7.4,111.7,137.4,,,,126.9,140.8,0.901,0.891
germ_label,505,36.7,7.2,122.9,126.0,,,,123.6,145.4,0.851,0.868
germ_label,506,21.4,6.8,129.9,79.6,,,,128.6,150.5,0.855,0.903
germ_label,507,30.2,7.2,129.8,55.5,,,,119.8,130.0,0.922,0.841
germ_label,508,34.3,7.6,131.0,72.9,,,,124.4,143.5,0.866,0.873
germ_label,509,33.8,7.7,131.7,59.3,,,,124.1,140.4,0.884,0.871
germ_label,510,34.9,7.3,132.5,99.9,,,,122.4,135.0,0.906,0.859
germ_label,511,46.2,7.3,137.5,43.5,,,,122.7,139.3,0.881,0.861
germ_label,512,35.0,7.5,140.1,30.1,,,,130.2,139.2,0.935,0.914
germ_label,513,40.8,7.5,145.4,17.8,,,,131.6,150.0,0.877,0.924
germ_label,514,49.0,7.5,147.3,43.4,,,,128.4,151.4,0.848,0.902
germ_label,515,53.0,7.4,150.6,93.5,,,,121.0,144.0,0.84,0.849
germ_label,516,45.7,7.4,150.8,100.5,,,,129.8,150.4,0.863,0.911
germ_label,517,51.7,7.5,155.4,66.4,,,,132.0,152.1,0.867,0.927
germ_label,518,13.0,6.8,156.5,174.6,,,,205.4,168.5,1.219,1.442
germ_label,519,13.5,6.7,161.8,158.6,,,,193.1,164.1,1.177,1.356
germ_label,520,50.7,7.6,162.8,93.1,,,,134.0,155.0,0.865,0.941
germ_label,521,45.2,7.6,164.6,115.2,,,,143.6,163.8,0.877,1.008
germ_label,522,15.5,7.1,6.6,232.3,,,,100.8,101.2,0.996,0.707
germ_label,523,6.0,6.2,16.1,231.8,,,,103.1,103.0,1.001,0.724
germ_label,524,26.8,6.6,18.4,229.5,,,,102.9,103.1,0.998,0.722
germ_label,525,20.8,6.6,18.9,225.6,,,,101.6,101.6,1.0,0.713
germ_label,526,30.5,7.0,20.5,217.9,,,,101.5,102.1,0.994,0.713
germ_label,527,21.3,6.4,44.1,196.8,,,,102.7,103.7,0.99,0.721
germ_label,528,5.4,6.3,80.9,167.7,,,,159.8,175.4,0.911,1.122
germ_label,529,25.6,7.6,108.5,137.2,,,,128.7,145.8,0.883,0.904
germ_label,530,33.9,7.6,115.4,128.8,,,,132.0,152.3,0.867,0.927
germ_label,531,30.9,7.4,127.1,106.2,,,,128.9,150.2,0.858,0.905
germ_label,532,27.6,7.5,128.1,51.9,,,,134.9,148.4,0.909,0.947
germ_label,533,46.4,7.4,139.6,36.0,,,,121.9,136.0,0.897,0.856
germ_label,534,50.3,7.6,147.4,49.5,,,,128.8,148.4,0.868,0.904
germ_label,535,47.6,7.4,148.2,37.8,,,,131.7,157.4,0.836,0.924
germ_label,536,49.4,7.9,158.2,73.5,,,,129.5,147.8,0.877,0.909
germ_label,537,11.5,8.2,99.4,167.3,,,,169.4,236.1,0.718,1.189
germ_label,538,42.9,8.2,106.2,170.6,,,,250.8,378.8,0.662,1.761
germ_label,539,29.0,7.5,119.0,33.4,,,,134.8,146.6,0.919,0.946
germ_label,540,34.0,8.0,123.9,13.1,,,,128.7,139.2,0.924,0.903
germ_label,541,100.8,7.5,127.3,136.9,,,,136.1,149.0,0.913,0.955
germ_label,542,22.0,7.5,129.4,96.1,,,,130.3,153.8,0.847,0.915
germ_label,543,35.4,8.0,129.4,67.9,,,,127.0,148.3,0.857,0.892
germ_label,544,20.1,7.2,129.8,112.9,,,,123.9,136.5,0.907,0.87
germ_label,545,21.9,7.5,130.8,87.7,,,,130.0,148.4,0.876,0.913
germ_label,546,21.8,7.7,131.2,93.2,,,,130.8,149.4,0.876,0.918
germ_label,547,7.4,6.9,144.6,176.1,,,,237.6,224.0,1.061,1.668
germ_label,548,43.8,7.6,148.1,25.0,,,,130.6,149.7,0.872,0.917
germ_label,549,28.1,7.3,27.5,210.2,,,,101.1,101.1,1.0,0.71
germ_label,550,23.4,7.2,42.4,213.1,,,,101.8,102.1,0.997,0.715
germ_label,551,18.6,7.7,75.6,206.9,,,,148.6,162.7,0.913,1.043
germ_label,552,10.4,8.1,75.1,209.8,,,,113.5,116.0,0.978,0.797
germ_label,553,30.1,7.9,112.7,22.3,,,,130.6,137.4,0.951,0.917
germ_label,554,24.2,7.5,116.7,29.0,,,,138.3,140.0,0.988,0.971
germ_label,555,4.1,7.3,117.1,176.1,,,,104.6,104.0,1.006,0.734
germ_label,556,27.0,8.2,122.9,42.8,,,,131.7,134.7,0.978,0.925
germ_label,557,4.2,7.0,128.0,177.7,,,,104.3,104.1,1.002,0.732
germ_label,558,22.0,7.6,130.7,106.2,,,,124.8,139.6,0.894,0.876
germ_label,559,4.0,6.9,131.1,181.5,,,,104.3,104.2,1.001,0.732
germ_label,560,10.9,8.8,135.7,105.8,,,,120.5,131.0,0.92,0.846
germ_label,561,4.7,7.4,147.5,170.7,,,,110.5,108.1,1.022,0.776
germ_label,562,45.0,7.7,151.0,116.3,,,,134.0,150.3,0.891,0.941
germ_label,563,12.3,7.5,149.9,183.9,,,,270.5,255.6,1.058,1.899
germ_label,564,6.6,7.1,172.2,167.9,,,,120.9,120.0,1.007,0.849
germ_label,565,5.2,6.8,54.6,185.6,,,,132.6,147.1,0.901,0.931
germ_label,566,27.9,8.0,94.9,150.1,,,,178.0,355.2,0.501,1.249
germ_label,567,18.5,7.2,94.0,171.3,,,,145.4,186.9,0.778,1.02
germ_label,568,30.8,7.7,99.7,149.9,,,,193.3,286.1,0.675,1.357
germ_label,569,4.8,7.6,102.5,173.3,,,,321.9,415.2,0.775,2.26
germ_label,570,4.1,7.2,105.0,172.5,,,,143.4,126.3,1.136,1.007
germ_label,571,30.6,7.9,117.1,133.3,,,,127.1,150.1,0.847,0.892
germ_label,572,25.9,8.1,121.2,39.3,,,,130.1,134.8,0.965,0.913
germ_label,573,25.1,8.4,123.7,51.9,,,,141.2,150.0,0.941,0.991
germ_label,574,19.4,7.6,124.6,121.3,,,,130.8,152.0,0.86,0.918
germ_label,575,36.8,8.1,129.5,102.2,,,,131.7,151.6,0.869,0.924
germ_label,576,47.7,8.2,148.9,55.4,,,,128.1,145.9,0.878,0.899
germ_label,577,49.4,8.4,162.7,106.8,,,,135.1,162.4,0.832,0.949
germ_label,579,4.0,7.5,28.8,203.6,,,,101.5,101.6,0.999,0.712
germ_label,580,10.2,7.3,28.3,205.2,,,,101.3,101.4,0.999,0.711
germ_label,581,14.9,7.5,55.0,181.3,,,,123.7,137.2,0.901,0.868
germ_label,582,28.7,8.3,109.9,16.7,,,,131.9,142.3,0.927,0.926
germ_label,583,29.3,8.3,111.8,33.2,,,,135.5,149.7,0.905,0.952
germ_label,584,34.1,8.4,111.5,9.8,,,,135.5,149.2,0.908,0.951
germ_label,585,27.2,8.3,114.4,25.8,,,,129.0,135.9,0.949,0.905
germ_label,586,35.0,8.2,115.9,12.8,,,,127.8,136.9,0.934,0.897
germ_label,587,25.4,8.5,118.6,42.8,,,,134.6,142.8,0.943,0.945
germ_label,588,35.8,8.4,120.1,6.1,,,,136.6,149.6,0.913,0.959
germ_label,589,22.2,8.2,123.1,118.1,,,,132.6,154.5,0.858,0.931
germ_label,590,27.9,8.2,124.8,45.5,,,,125.3,133.5,0.939,0.88
germ_label,591,8.0,8.0,124.8,203.2,,,,106.0,105.8,1.001,0.744
germ_label,592,21.8,8.2,125.9,111.6,,,,132.6,150.5,0.881,0.931
germ_label,593,25.8,8.2,126.6,48.6,,,,137.2,141.2,0.972,0.963
germ_label,594,36.0,8.4,128.7,7.5,,,,136.9,148.6,0.922,0.961
germ_label,595,5.1,7.6,134.0,195.8,,,,104.7,104.7,1.001,0.735
germ_label,596,41.9,8.3,135.0,9.7,,,,127.9,146.1,0.876,0.898
germ_label,597,4.3,7.8,135.0,187.8,,,,104.2,104.0,1.002,0.732
germ_label,598,51.2,8.3,143.2,53.6,,,,120.9,136.4,0.886,0.849
germ_label,599,55.3,8.3,144.1,60.1,,,,122.0,135.4,0.901,0.856
germ_label,600,4.7,7.7,143.8,177.2,,,,240.4,253.8,0.947,1.688
germ_label,601,60.5,8.2,148.1,65.8,,,,120.8,135.8,0.889,0.848
germ_label,602,51.3,8.2,151.7,70.5,,,,124.7,141.2,0.883,0.875
germ_label,603,49.8,8.3,155.9,103.5,,,,130.5,144.0,0.906,0.916
germ_label,604,43.5,8.6,157.8,96.7,,,,130.4,141.6,0.921,0.916
germ_label,605,39.7,8.3,167.4,126.0,,,,153.2,174.3,0.879,1.076
germ_label,606,26.7,7.5,39.3,212.6,,,,101.6,101.8,0.999,0.713
germ_label,607,6.2,7.4,51.4,175.7,,,,185.5,248.6,0.746,1.302
germ_label,608,21.7,8.0,77.9,167.0,,,,132.7,151.3,0.877,0.931
germ_label,609,32.1,8.5,109.8,24.7,,,,134.7,146.0,0.923,0.946
germ_label,610,32.2,8.6,113.4,18.3,,,,124.1,133.0,0.933,0.871
germ_label,611,28.6,8.2,114.7,36.2,,,,136.4,143.4,0.951,0.957
germ_label,612,5.3,7.9,115.5,207.4,,,,105.9,105.9,1.0,0.744
germ_label,613,4.4,8.1,116.3,210.8,,,,105.3,105.5,0.998,0.739
germ_label,614,35.1,8.5,118.5,126.6,,,,126.6,142.4,0.889,0.888
germ_label,615,25.5,8.5,120.2,45.9,,,,130.6,136.1,0.96,0.917
germ_label,616,30.6,8.6,122.1,48.6,,,,132.8,141.6,0.938,0.933
germ_label,617,33.1,8.6,125.8,55.1,,,,124.0,138.4,0.896,0.871
germ_label,618,34.0,8.4,128.0,58.4,,,,122.0,136.4,0.895,0.856
germ_label,619,36.7,8.6,129.8,63.3,,,,125.3,143.5,0.873,0.879
germ_label,620,43.1,8.4,141.0,13.0,,,,130.5,153.5,0.85,0.916
germ_label,621,57.2,8.5,142.2,47.2,,,,120.1,133.4,0.9,0.843
germ_label,622,45.2,8.4,143.2,40.6,,,,124.6,133.1,0.936,0.875
germ_label,623,52.9,8.3,152.9,77.6,,,,123.6,139.5,0.886,0.868
germ_label,624,46.6,8.3,155.6,83.9,,,,130.2,144.1,0.904,0.914
germ_label,625,52.2,8.5,156.1,90.0,,,,124.2,138.1,0.9,0.872
germ_label,626,15.0,7.9,175.0,155.2,,,,223.8,190.6,1.174,1.571
germ_label,627,9.6,8.3,80.3,221.1,,,,119.5,112.1,1.066,0.839
germ_label,628,4.5,8.0,80.5,218.3,,,,107.2,107.0,1.001,0.752
germ_label,629,4.2,7.5,87.3,216.4,,,,104.0,104.3,0.997,0.73
germ_label,630,29.3,8.7,111.8,28.9,,,,133.4,141.6,0.942,0.936
germ_label,631,34.2,8.5,113.6,132.8,,,,128.0,141.2,0.907,0.899
germ_label,632,33.4,8.9,115.7,8.7,,,,131.1,145.2,0.903,0.921
germ_label,633,37.1,8.7,123.8,8.0,,,,128.0,143.4,0.893,0.899
germ_label,634,20.2,8.4,127.4,114.8,,,,128.8,143.0,0.9,0.904
germ_label,635,4.6,8.1,127.4,191.1,,,,104.1,104.1,1.0,0.731
germ_label,636,5.3,7.8,127.9,205.0,,,,104.5,104.6,0.999,0.734
germ_label,637,23.6,8.3,128.7,110.1,,,,126.8,137.7,0.921,0.89
germ_label,638,48.5,8.4,144.3,33.9,,,,122.4,138.5,0.884,0.859
germ_label,639,48.5,8.7,144.2,27.4,,,,122.9,137.4,0.895,0.863
germ_label,640,4.5,8.2,146.8,202.9,,,,103.6,104.0,0.996,0.727
germ_label,641,12.4,8.0,162.0,182.8,,,,208.5,184.7,1.129,1.464
germ_label,642,12.1,8.1,177.6,164.9,,,,215.2,181.7,1.184,1.511
germ_label,643,22.5,8.8,78.2,170.2,,,,136.6,159.4,0.857,0.959
germ_label,644,4.1,7.9,82.8,217.8,,,,105.2,105.5,0.996,0.738
germ_label,645,33.4,8.9,109.0,20.6,,,,131.1,143.2,0.915,0.92
germ_label,646,23.7,8.9,115.2,32.1,,,,134.9,140.5,0.961,0.947
germ_label,647,27.1,8.7,116.5,39.4,,,,139.6,148.2,0.942,0.98
germ_label,648,32.8,8.7,119.9,11.3,,,,127.9,136.5,0.937,0.898
germ_label,649,25.3,8.8,119.3,36.4,,,,134.9,139.1,0.969,0.947
germ_label,650,79.2,8.9,121.1,139.2,,,,136.7,154.2,0.887,0.96
germ_label,651,4.0,8.0,126.8,187.6,,,,104.9,104.5,1.005,0.737
germ_label,652,43.7,8.8,140.3,17.5,,,,125.3,136.3,0.919,0.88
germ_label,653,39.9,8.7,144.3,21.9,,,,131.3,139.5,0.941,0.922
germ_label,654,5.5,8.1,144.0,175.6,,,,267.2,212.4,1.258,1.876
germ_label,655,18.6,8.7,164.7,152.5,,,,177.3,172.1,1.03,1.245
germ_label,656,31.6,8.8,171.2,136.6,,,,158.6,171.7,0.924,1.114
germ_label,657,9.3,8.4,62.3,177.6,,,,116.0,130.7,0.888,0.814
germ_label,658,4.5,8.5,65.5,166.4,,,,108.9,110.5,0.986,0.765
germ_label,659,7.7,8.0,70.3,202.0,,,,148.3,165.1,0.898,1.041
germ_label,660,9.9,8.2,76.2,168.1,,,,122.8,140.9,0.871,0.862
germ_label,661,16.0,7.9,80.0,174.9,,,,157.4,216.6,0.727,1.105
germ_label,662,9.8,8.7,85.3,208.0,,,,104.4,104.5,0.999,0.733
germ_label,663,32.4,8.8,111.5,13.5,,,,126.5,138.2,0.915,0.888
germ_label,664,5.4,8.0,119.4,197.2,,,,104.2,104.1,1.001,0.732
germ_label,665,22.0,8.9,121.3,122.3,,,,134.9,148.5,0.909,0.947
germ_label,666,4.4,8.2,123.8,191.3,,,,103.6,103.9,0.997,0.727
germ_label,667,33.2,8.9,129.3,11.7,,,,130.4,136.6,0.954,0.915
germ_label,668,5.5,8.1,129.4,195.2,,,,104.0,104.2,0.998,0.73
germ_label,669,38.4,8.9,135.3,13.9,,,,125.9,140.3,0.897,0.884
germ_label,670,53.3,8.8,156.7,111.1,,,,127.7,142.1,0.899,0.897
germ_label,671,44.9,8.7,157.6,121.3,,,,135.7,149.4,0.908,0.953
germ_label,672,37.1,8.8,158.8,131.9,,,,142.4,151.7,0.938,0.999
germ_label,673,13.6,8.5,164.7,165.1,,,,204.1,189.6,1.077,1.433
germ_label,674,18.1,8.8,173.4,147.1,,,,193.8,173.2,1.119,1.36
germ_label,675,5.4,8.5,59.9,195.7,,,,184.1,207.5,0.887,1.293
germ_label,676,46.6,8.3,64.5,193.2,,,,164.7,204.2,0.807,1.156
germ_label,677,11.2,8.7,69.5,200.4,,,,149.1,147.7,1.01,1.047
germ_label,678,4.9,8.4,72.5,212.8,,,,107.9,107.9,1.0,0.758
germ_label,679,8.7,8.9,74.0,215.3,,,,104.8,104.5,1.003,0.736
germ_label,680,10.4,8.1,74.9,203.8,,,,225.8,289.9,0.779,1.585
germ_label,681,19.2,8.4,81.1,177.0,,,,130.7,165.8,0.788,0.917
germ_label,682,4.1,8.3,80.3,213.6,,,,105.5,105.0,1.005,0.741
germ_label,683,5.5,8.6,82.3,214.7,,,,105.4,105.4,1.001,0.74
germ_label,684,11.5,9.1,85.3,218.1,,,,104.9,105.4,0.996,0.736
germ_label,685,5.0,8.4,89.1,214.8,,,,104.6,104.6,0.999,0.734
germ_label,686,15.3,8.9,93.8,159.2,,,,133.5,173.4,0.77,0.937
germ_label,687,4.9,8.3,96.1,208.9,,,,105.2,105.7,0.995,0.738
germ_label,688,8.3,9.0,98.0,212.0,,,,105.7,106.2,0.996,0.742
germ_label,689,9.6,9.0,100.4,213.0,,,,105.8,106.1,0.998,0.743
germ_label,690,5.4,8.1,120.7,199.9,,,,105.1,105.6,0.996,0.738
germ_label,691,4.1,8.5,128.0,187.0,,,,104.7,104.7,1.0,0.735
germ_label,692,4.1,8.1,134.1,205.6,,,,104.3,104.4,0.999,0.732
germ_label,693,20.7,9.4,42.5,182.9,,,,162.4,221.2,0.734,1.14
germ_label,694,58.5,9.0,67.6,191.0,,,,163.9,220.4,0.744,1.151
germ_label,695,4.2,8.7,77.0,220.9,,,,109.7,108.5,1.011,0.77
germ_label,696,5.7,9.4,79.3,218.0,,,,105.6,105.4,1.002,0.742
germ_label,697,30.4,8.9,85.4,176.3,,,,121.7,145.9,0.834,0.854
germ_label,698,5.3,8.4,86.8,207.3,,,,104.9,105.2,0.998,0.737
germ_label,699,5.1,8.2,88.3,211.4,,,,104.3,104.6,0.997,0.732
germ_label,700,4.5,8.5,90.1,203.1,,,,105.2,106.3,0.989,0.739
germ_label,701,9.0,8.9,90.3,197.8,,,,105.9,106.5,0.995,0.744
germ_label,702,5.1,8.5,100.4,206.1,,,,105.4,106.0,0.995,0.74
germ_label,703,4.1,8.7,104.1,184.8,,,,104.8,104.7,1.001,0.736
germ_label,704,4.8,8.6,106.3,189.2,,,,105.4,105.8,0.996,0.74
germ_label,705,6.1,9.0,109.2,211.2,,,,105.6,105.9,0.997,0.741
germ_label,706,4.2,8.3,110.5,186.7,,,,105.2,105.3,0.999,0.739
germ_label,707,4.1,8.8,112.5,219.1,,,,105.7,105.9,0.999,0.742
germ_label,708,7.0,8.3,114.9,196.6,,,,104.4,104.7,0.997,0.733
germ_label,709,8.1,8.5,116.1,202.4,,,,105.2,105.2,0.999,0.738
germ_label,710,4.7,8.3,117.0,195.0,,,,104.0,104.3,0.996,0.73
germ_label,711,5.6,8.4,124.2,195.5,,,,104.3,104.6,0.998,0.732
germ_label,712,12.3,8.7,125.8,196.4,,,,104.4,104.8,0.996,0.733
germ_label,713,6.8,8.3,125.6,200.3,,,,105.0,104.8,1.001,0.737
germ_label,714,4.9,8.7,126.0,207.6,,,,105.4,105.3,1.001,0.74
germ_label,715,25.6,9.0,162.2,142.3,,,,159.9,156.0,1.025,1.122
germ_label,716,4.1,8.5,76.6,213.6,,,,105.5,106.0,0.996,0.741
germ_label,717,4.3,9.3,84.5,214.2,,,,104.6,105.1,0.995,0.734
germ_label,718,8.5,9.2,88.9,155.5,,,,256.7,304.3,0.844,1.802
germ_label,719,4.8,8.7,91.1,204.7,,,,105.4,105.7,0.997,0.74
germ_label,720,5.0,8.7,91.6,200.4,,,,105.2,105.6,0.997,0.739
germ_label,721,5.0,9.1,92.4,155.5,,,,241.2,322.9,0.747,1.693
germ_label,722,8.8,9.1,100.6,179.8,,,,107.9,108.3,0.997,0.758
germ_label,723,5.9,8.7,102.1,211.2,,,,106.1,106.4,0.998,0.745
germ_label,724,5.4,8.5,104.0,206.2,,,,104.8,105.1,0.997,0.736
germ_label,725,4.1,8.4,105.4,212.1,,,,105.1,105.6,0.995,0.738
germ_label,726,4.6,8.3,105.9,208.6,,,,105.2,105.3,0.999,0.739
germ_label,727,4.2,8.8,106.9,179.1,,,,104.4,104.6,0.998,0.733
germ_label,728,5.2,8.6,106.9,196.3,,,,104.4,104.8,0.997,0.733
germ_label,729,5.4,8.5,109.2,188.4,,,,104.6,104.6,1.001,0.735
germ_label,730,5.6,8.6,110.4,213.5,,,,105.3,105.6,0.996,0.739
germ_label,731,5.3,8.6,112.1,196.9,,,,104.9,105.0,0.999,0.736
germ_label,732,10.3,9.0,112.8,193.6,,,,104.8,104.8,1.0,0.736
germ_label,733,5.6,8.6,113.4,190.5,,,,104.5,104.6,0.999,0.734
germ_label,734,4.9,8.4,113.7,207.0,,,,105.1,105.5,0.997,0.738
germ_label,735,4.7,8.7,113.6,209.9,,,,104.3,104.5,0.998,0.733
germ_label,736,8.7,8.9,115.4,188.0,,,,104.1,104.6,0.995,0.731
germ_label,737,5.5,8.5,117.2,197.6,,,,105.0,105.6,0.994,0.737
germ_label,738,5.1,8.9,118.1,196.6,,,,104.7,105.1,0.996,0.735
germ_label,739,5.3,8.9,121.5,193.7,,,,103.8,103.9,0.999,0.729
germ_label,740,4.7,8.9,121.5,201.1,,,,105.3,105.4,0.999,0.739
germ_label,741,4.6,8.9,129.3,207.4,,,,104.5,104.8,0.998,0.734
germ_label,742,4.7,8.6,130.2,201.4,,,,104.1,104.5,0.997,0.731
germ_label,743,5.3,8.9,130.7,190.4,,,,103.9,103.7,1.003,0.73
germ_label,744,4.5,8.9,131.2,195.3,,,,104.4,104.5,0.999,0.733
germ_label,745,4.1,8.3,134.2,198.7,,,,104.7,105.1,0.996,0.735
germ_label,746,4.5,8.4,134.5,203.2,,,,105.0,105.0,1.0,0.737
germ_label,747,9.0,9.3,74.7,191.2,,,,105.6,105.6,1.0,0.741
germ_label,748,27.0,9.5,79.1,178.5,,,,134.2,197.6,0.679,0.942
germ_label,749,10.0,9.3,81.8,209.6,,,,104.5,105.0,0.996,0.734
germ_label,750,10.6,9.3,82.2,149.0,,,,204.8,315.3,0.649,1.438
germ_label,751,4.9,9.1,87.3,209.0,,,,104.8,105.1,0.997,0.736
germ_label,752,5.3,9.0,87.0,212.8,,,,105.2,105.5,0.996,0.738
germ_label,753,5.6,9.4,88.5,212.7,,,,105.4,105.2,1.001,0.74
germ_label,754,8.8,9.1,90.3,187.5,,,,106.7,106.9,0.997,0.749
germ_label,755,28.4,9.5,90.6,151.2,,,,202.8,341.5,0.594,1.424
germ_label,756,5.3,9.0,93.3,203.6,,,,105.5,106.0,0.995,0.74
germ_label,757,4.9,8.9,93.3,212.4,,,,104.4,104.2,1.002,0.733
germ_label,758,6.7,9.0,93.6,197.2,,,,105.0,105.4,0.996,0.737
germ_label,759,4.7,8.5,95.2,195.2,,,,104.6,105.5,0.992,0.734
germ_label,760,8.9,9.0,95.8,198.8,,,,104.4,104.7,0.997,0.733
germ_label,761,6.7,8.9,96.2,203.7,,,,105.1,105.2,0.999,0.738
germ_label,762,4.5,8.7,97.8,207.6,,,,105.8,106.0,0.998,0.742
germ_label,763,9.2,9.1,98.8,202.9,,,,104.6,104.8,0.998,0.734
germ_label,764,21.4,9.0,97.8,163.3,,,,151.6,184.9,0.82,1.064
germ_label,765,6.2,8.9,99.7,199.5,,,,105.3,105.8,0.996,0.74
germ_label,766,5.8,8.9,99.7,187.1,,,,104.7,105.4,0.994,0.735
germ_label,767,6.3,8.8,100.1,189.9,,,,104.5,104.6,0.999,0.733
germ_label,768,5.2,8.6,100.8,208.0,,,,105.5,105.6,0.999,0.741
germ_label,769,6.7,8.9,102.0,197.9,,,,104.6,105.1,0.996,0.735
germ_label,770,5.1,8.9,102.4,205.2,,,,105.3,105.4,0.999,0.739
germ_label,771,5.2,8.8,102.8,191.6,,,,104.8,105.8,0.991,0.736
germ_label,772,5.1,8.8,104.9,194.1,,,,104.9,105.3,0.996,0.736
germ_label,773,4.5,8.6,105.0,203.9,,,,105.3,105.8,0.996,0.739
germ_label,774,4.7,8.8,105.1,201.2,,,,104.8,105.1,0.997,0.736
germ_label,775,8.0,9.2,106.4,210.0,,,,105.6,105.4,1.001,0.741
germ_label,776,6.0,8.6,107.6,206.3,,,,105.0,105.4,0.996,0.737
germ_label,777,6.7,9.0,107.5,203.0,,,,105.0,105.1,1.0,0.737
germ_label,778,5.4,8.6,108.4,199.0,,,,105.1,105.0,1.001,0.738
germ_label,779,4.7,8.7,108.7,201.2,,,,105.7,106.2,0.995,0.742
germ_label,780,6.4,8.9,110.7,193.1,,,,105.0,105.1,0.999,0.737
germ_label,781,6.0,8.9,111.9,202.2,,,,105.1,105.2,0.999,0.738
germ_label,782,4.7,8.6,112.9,182.7,,,,104.4,104.6,0.998,0.733
germ_label,783,5.7,9.0,113.5,197.8,,,,104.9,105.5,0.995,0.736
germ_label,784,6.1,9.0,114.1,202.7,,,,105.2,105.2,1.0,0.738
germ_label,785,6.2,8.8,116.6,192.2,,,,103.9,104.4,0.995,0.729
germ_label,786,5.7,9.4,114.8,209.4,,,,105.4,105.0,1.003,0.74
germ_label,787,5.2,9.0,131.5,202.2,,,,104.7,104.7,1.0,0.735
germ_label,788,7.1,9.2,176.4,175.5,,,,119.1,118.9,1.002,0.836
germ_label,789,15.4,9.3,71.9,173.4,,,,150.1,176.5,0.851,1.054
germ_label,790,5.9,9.5,76.2,212.4,,,,106.2,105.9,1.003,0.746
germ_label,791,5.8,9.1,78.1,189.7,,,,105.8,105.9,0.999,0.743
germ_label,792,5.2,9.2,79.0,213.9,,,,105.1,105.0,1.001,0.738
germ_label,793,6.3,9.2,84.7,195.7,,,,106.4,107.2,0.992,0.747
germ_label,794,4.2,9.7,87.3,206.1,,,,106.0,105.8,1.002,0.744
germ_label,795,5.3,9.3,88.6,216.8,,,,104.4,104.6,0.998,0.733
germ_label,796,8.5,9.1,91.2,207.5,,,,104.8,104.8,1.001,0.736
germ_label,797,6.4,9.0,91.7,194.2,,,,104.9,105.4,0.995,0.736
germ_label,798,4.5,9.1,92.2,190.9,,,,105.7,106.0,0.997,0.742
germ_label,799,4.3,9.7,92.0,197.6,,,,105.8,105.7,1.001,0.743
germ_label,800,4.4,9.0,94.6,186.7,,,,105.2,105.5,0.996,0.738
germ_label,801,17.0,9.3,94.4,171.7,,,,132.7,155.8,0.852,0.932
germ_label,802,6.8,9.0,94.9,206.1,,,,104.5,104.7,0.998,0.734
germ_label,803,4.0,9.2,95.3,210.7,,,,105.9,106.3,0.996,0.743
germ_label,804,4.7,9.1,95.6,201.5,,,,105.2,105.6,0.996,0.739
germ_label,805,4.9,9.0,97.3,183.1,,,,105.5,105.1,1.004,0.741
germ_label,806,9.4,9.3,97.7,186.9,,,,105.2,105.2,1.0,0.739
germ_label,807,5.8,9.1,99.5,196.6,,,,105.1,105.2,0.999,0.738
germ_label,808,11.7,9.1,100.6,193.2,,,,105.0,105.0,1.0,0.737
germ_label,809,6.1,9.1,101.4,188.3,,,,104.9,105.0,0.999,0.737
germ_label,810,8.5,9.2,102.2,202.2,,,,104.5,104.6,0.999,0.734
germ_label,811,5.3,9.4,101.6,206.8,,,,105.6,105.7,0.999,0.741
germ_label,812,6.7,9.0,103.1,199.8,,,,104.1,104.3,0.998,0.731
germ_label,813,8.3,9.1,103.5,181.2,,,,105.4,105.5,0.999,0.74
germ_label,814,8.1,9.3,102.9,196.4,,,,104.9,105.5,0.994,0.736
germ_label,815,4.9,9.0,103.9,215.4,,,,104.7,104.9,0.998,0.735
germ_label,816,4.4,9.1,105.3,187.1,,,,105.1,105.1,1.0,0.738
germ_label,817,4.5,9.0,106.1,182.8,,,,104.7,104.9,0.998,0.735
germ_label,818,5.3,9.0,106.4,199.2,,,,104.8,105.3,0.995,0.736
germ_label,819,5.5,9.0,106.9,214.3,,,,105.6,105.9,0.997,0.742
germ_label,820,5.4,9.0,108.4,195.9,,,,105.5,105.8,0.997,0.74
germ_label,821,4.8,9.0,108.9,204.8,,,,104.9,105.2,0.997,0.736
germ_label,822,5.7,8.9,111.8,207.8,,,,105.1,105.6,0.995,0.738
germ_label,823,5.2,9.1,117.3,186.4,,,,103.8,104.0,0.998,0.728
germ_label,824,4.6,9.1,120.7,198.5,,,,105.2,105.5,0.997,0.738
germ_label,825,4.7,9.1,128.1,201.1,,,,104.8,105.0,0.998,0.736
germ_label,826,4.6,9.0,129.3,198.4,,,,104.7,104.6,1.002,0.735
germ_label,827,5.3,9.2,129.4,205.1,,,,104.7,104.5,1.001,0.735
germ_label,828,4.2,8.9,134.1,190.6,,,,103.8,103.8,1.0,0.729
germ_label,829,4.4,9.3,78.8,198.4,,,,107.5,107.6,1.0,0.755
germ_label,830,4.9,9.0,80.1,195.2,,,,105.7,106.3,0.994,0.742
germ_label,831,5.7,9.2,80.3,190.0,,,,105.3,105.8,0.995,0.739
germ_label,832,6.5,9.1,80.8,206.9,,,,104.0,103.6,1.004,0.73
germ_label,833,5.5,9.5,82.0,211.4,,,,105.2,105.2,1.001,0.739
germ_label,834,5.4,9.5,83.6,194.1,,,,105.3,105.3,0.999,0.739
germ_label,835,27.2,9.3,85.1,159.6,,,,117.2,134.2,0.873,0.823
germ_label,836,4.0,9.4,83.7,207.2,,,,104.7,104.8,0.999,0.735
germ_label,837,5.3,9.2,87.7,197.3,,,,105.6,105.3,1.003,0.741
germ_label,838,5.1,9.1,87.9,191.2,,,,106.0,106.0,0.999,0.744
germ_label,839,4.4,9.2,90.4,209.9,,,,105.0,105.5,0.996,0.737
germ_label,840,4.1,9.4,90.4,212.4,,,,105.1,105.1,1.0,0.738
germ_label,841,14.7,9.3,93.8,168.9,,,,128.2,145.7,0.88,0.9
germ_label,842,4.3,9.3,94.4,190.4,,,,105.3,105.9,0.994,0.739
germ_label,843,6.9,9.1,96.4,192.6,,,,105.1,106.3,0.989,0.738
germ_label,844,4.4,9.2,96.6,215.9,,,,105.3,105.4,0.999,0.739
germ_label,845,5.0,9.5,96.3,213.0,,,,105.8,105.7,1.001,0.743
germ_label,846,5.4,9.3,103.3,190.2,,,,105.0,105.3,0.997,0.737
germ_label,847,5.2,9.4,104.4,192.7,,,,104.6,104.9,0.997,0.735
germ_label,848,5.6,9.4,104.2,212.9,,,,105.8,106.2,0.996,0.743
germ_label,849,4.4,9.2,104.8,177.6,,,,105.1,104.9,1.001,0.738
germ_label,850,4.1,9.4,105.1,199.9,,,,104.6,105.6,0.991,0.734
germ_label,851,5.0,9.4,105.9,205.7,,,,104.9,105.5,0.994,0.737
germ_label,852,4.9,9.2,107.4,184.5,,,,105.0,105.4,0.996,0.737
germ_label,853,4.9,9.5,108.7,189.8,,,,104.6,105.2,0.994,0.734
germ_label,854,4.8,9.4,111.8,187.2,,,,105.1,105.6,0.995,0.738
germ_label,855,5.0,9.4,112.0,215.0,,,,104.3,104.5,0.998,0.732
germ_label,856,4.3,9.8,114.6,196.6,,,,104.7,104.9,0.998,0.735
germ_label,857,4.9,9.1,115.3,199.8,,,,105.2,105.5,0.997,0.739
germ_label,858,4.4,9.3,118.5,188.9,,,,103.9,104.0,0.999,0.729
germ_label,859,4.0,9.2,127.4,193.8,,,,104.0,104.1,0.999,0.73
germ_label,860,4.3,9.3,130.9,193.1,,,,103.8,103.5,1.003,0.729
germ_label,861,4.2,9.3,133.5,196.5,,,,104.3,104.5,0.998,0.732
germ_label,862,4.3,8.8,73.6,176.9,,,,182.2,212.7,0.856,1.279
germ_label,863,4.9,9.3,77.6,216.3,,,,104.9,104.8,1.001,0.736
germ_label,864,12.8,9.6,78.3,174.1,,,,123.6,143.2,0.863,0.868
germ_label,865,5.1,9.8,81.7,195.2,,,,105.2,105.6,0.996,0.739
germ_label,866,4.7,9.6,82.1,217.9,,,,106.1,106.6,0.995,0.745
germ_label,867,4.1,9.3,93.0,217.3,,,,103.5,103.5,1.0,0.726
germ_label,868,4.3,9.4,93.4,182.6,,,,108.1,108.1,1.0,0.759
germ_label,869,6.6,9.5,94.1,188.2,,,,105.4,105.8,0.996,0.74
germ_label,870,14.7,9.6,96.5,164.9,,,,147.5,200.6,0.735,1.035
germ_label,871,4.1,9.5,97.3,200.7,,,,105.0,104.9,1.0,0.737
germ_label,872,4.2,9.5,99.5,191.3,,,,105.4,105.9,0.995,0.74
germ_label,873,4.2,9.5,100.6,217.1,,,,104.5,104.5,1.0,0.734
germ_label,874,4.4,9.5,103.4,208.9,,,,105.3,105.0,1.003,0.739
germ_label,875,4.1,9.6,106.0,190.5,,,,105.7,105.9,0.999,0.742
germ_label,876,5.0,9.6,106.8,212.7,,,,106.1,105.8,1.003,0.745
germ_label,877,4.9,9.4,109.9,197.5,,,,105.6,106.2,0.995,0.741
germ_label,878,4.3,9.8,109.4,212.5,,,,106.7,106.5,1.003,0.749
germ_label,879,4.3,9.5,116.5,204.0,,,,105.4,105.2,1.002,0.74
germ_label,880,23.5,9.3,115.9,225.1,,,,210.0,228.0,0.921,1.474
germ_label,882,11.6,9.9,66.5,198.0,,,,203.4,225.7,0.901,1.428
germ_label,883,7.5,9.7,72.4,204.8,,,,115.1,112.8,1.021,0.808
germ_label,884,13.4,9.4,74.2,168.4,,,,123.5,137.9,0.896,0.867
germ_label,885,5.4,9.6,77.9,192.7,,,,106.2,106.8,0.994,0.746
germ_label,886,6.0,9.5,86.6,189.9,,,,107.4,107.6,0.999,0.754
germ_label,887,5.3,9.6,91.9,203.3,,,,106.2,106.5,0.997,0.746
germ_label,888,4.2,9.5,93.5,209.9,,,,105.0,105.0,1.0,0.737
germ_label,889,5.6,9.6,98.9,206.5,,,,105.8,106.3,0.995,0.743
germ_label,890,4.7,9.6,100.5,210.3,,,,105.7,105.3,1.004,0.742
germ_label,891,23.3,9.4,110.9,224.1,,,,235.3,268.5,0.876,1.652
germ_label,892,4.2,9.7,113.9,212.1,,,,104.7,104.4,1.003,0.735
germ_label,893,4.1,9.6,117.0,190.6,,,,104.3,104.4,0.999,0.732
germ_label,895,97.2,9.9,50.1,193.0,,,,117.3,121.4,0.966,0.823
germ_label,896,5.0,9.6,71.2,211.5,,,,108.0,107.7,1.003,0.758
germ_label,897,10.6,9.6,75.2,171.6,,,,128.7,146.2,0.88,0.904
germ_label,898,4.8,9.8,76.3,210.0,,,,107.0,107.1,0.999,0.751
germ_label,899,4.5,9.7,78.6,184.6,,,,105.5,106.5,0.99,0.741
germ_label,900,5.7,9.6,81.9,187.0,,,,105.6,106.0,0.997,0.741
germ_label,901,4.2,9.6,83.4,184.5,,,,106.3,106.8,0.996,0.746
germ_label,902,4.6,9.7,90.1,194.2,,,,104.7,105.3,0.995,0.735
germ_label,903,4.3,9.7,96.0,194.7,,,,105.7,106.2,0.995,0.742
germ_label,904,10.6,9.7,73.6,179.8,,,,133.8,149.3,0.896,0.939
germ_label,905,4.8,9.8,74.6,199.3,,,,108.0,106.3,1.016,0.759
germ_label,906,4.0,9.7,75.8,187.1,,,,104.8,105.0,0.998,0.736
germ_label,907,11.4,9.8,89.2,166.4,,,,124.2,132.7,0.935,0.872
germ_label,908,20.6,9.8,99.7,174.3,,,,247.7,382.8,0.647,1.739
germ_label,910,7.0,10.1,41.9,187.9,,,,136.6,153.4,0.891,0.959
germ_label,911,6.5,9.9,85.4,169.0,,,,129.2,132.6,0.974,0.907
germ_label,912,10.9,10.1,40.4,218.9,,,,171.6,247.2,0.694,1.205
